model,domain,bins,radius_of_gyration,matched_arc_median_rg,rg_ratio_to_matched_arc,compactness_rank_fraction
mds,Ori,186,0.4511612355709076,0.4210653454065323,1.0714755809108873,0.6303879310344828
mds,NS-right,112,0.23877932131290436,0.26460838317871094,0.9023875904628381,0.17780172413793102
mds,Right,120,0.30401870608329773,0.27567245066165924,1.1028258549361853,0.59375
mds,Ter,195,0.4939911961555481,0.43193019926548004,1.1436829307040954,0.7219827586206896
mds,Left,140,0.29527509212493896,0.307171955704689,0.9612696948441883,0.44935344827586204
mds,NS-left,176,0.3373757302761078,0.40722283720970154,0.8284793961650397,0.34913793103448276
geometry_42,Ori,186,0.4692106544971466,0.4579547047615051,1.0245787402522775,0.6099137931034483
geometry_42,NS-right,112,0.37331363558769226,0.3800995349884033,0.9821470462969177,0.4482758620689655
geometry_42,Right,120,0.40673479437828064,0.38747408986091614,1.0497083676595722,0.6066810344827587
geometry_42,Ter,195,0.511229932308197,0.463729590177536,1.102431121793362,0.7446120689655172
geometry_42,Left,140,0.3971789479255676,0.407254621386528,0.9752595233255867,0.3857758620689655
geometry_42,NS-left,176,0.39850130677223206,0.4510398358106613,0.8835168761889935,0.0603448275862069
geometry_43,Ori,186,0.4776069223880768,0.4640901982784271,1.0291252091937964,0.6379310344827587
geometry_43,NS-right,112,0.37208908796310425,0.3797956556081772,0.9797086471862555,0.4073275862068966
geometry_43,Right,120,0.4094507694244385,0.38741861283779144,1.056869122588779,0.6088362068965517
geometry_43,Ter,195,0.5118618011474609,0.46861034631729126,1.092297268231642,0.7456896551724138
geometry_43,Left,140,0.39725226163864136,0.4087814688682556,0.9717961597879332,0.3911637931034483
geometry_43,NS-left,176,0.40071627497673035,0.4572235345840454,0.8764121806225001,0.06896551724137931
geometry_44,Ori,186,0.47259271144866943,0.4594339430332184,1.0286412630476882,0.6260775862068966
geometry_44,NS-right,112,0.37305259704589844,0.3808630108833313,0.9794928527731841,0.44396551724137934
geometry_44,Right,120,0.4067520797252655,0.3877757489681244,1.048936352537871,0.6012931034482759
geometry_44,Ter,195,0.5108291506767273,0.46505892276763916,1.0984181265391109,0.7446120689655172
geometry_44,Left,140,0.3969523012638092,0.4080691486597061,0.9727574421334964,0.3857758620689655
geometry_44,NS-left,176,0.3984161913394928,0.4520278424024582,0.8813974582228657,0.0603448275862069
graph_42,Ori,186,0.5040135979652405,0.482279896736145,1.0450644975587402,0.6724137931034483
graph_42,NS-right,112,0.3724106252193451,0.37501074373722076,0.9930665492621256,0.48060344827586204
graph_42,Right,120,0.39160826802253723,0.38551001250743866,1.0158186695993554,0.5808189655172413
graph_42,Ter,195,0.5218340754508972,0.4942588061094284,1.0557911543519645,0.7273706896551724
graph_42,Left,140,0.39991295337677,0.40923815965652466,0.9772132533105384,0.4051724137931034
graph_42,NS-left,176,0.3907763957977295,0.4633898288011551,0.843299467337716,0.05603448275862069
graph_43,Ori,186,0.5167981386184692,0.484991654753685,1.065581507543543,0.6476293103448276
graph_43,NS-right,112,0.36158204078674316,0.3650754988193512,0.9904308614412476,0.4827586206896552
graph_43,Right,120,0.39521270990371704,0.37737835943698883,1.0472585404561494,0.5862068965517241
graph_43,Ter,195,0.5377244353294373,0.5060468316078186,1.0625981663020636,0.7306034482758621
graph_43,Left,140,0.3839223384857178,0.4004339873790741,0.9587656157724558,0.36314655172413796
graph_43,NS-left,176,0.4005122184753418,0.46416598558425903,0.8628642143417846,0.08620689655172414
graph_44,Ori,186,0.5338730812072754,0.4655434191226959,1.146773983430686,0.8297413793103449
graph_44,NS-right,112,0.36829158663749695,0.364957794547081,1.0091347332218326,0.5506465517241379
graph_44,Right,120,0.379679799079895,0.3747437447309494,1.0131718125208187,0.5625
graph_44,Ter,195,0.5264660120010376,0.48408304154872894,1.087553098982176,0.6303879310344828
graph_44,Left,140,0.3885531723499298,0.39831745624542236,0.9754861763088879,0.4073275862068966
graph_44,NS-left,176,0.39373719692230225,0.45002327859401703,0.8749262885965227,0.06357758620689655
