bin,chrom,start,end,x,y,z
0,NC_000913.3,0,5000,-0.0292842835187912,0.36264389753341675,-0.17719906568527222
1,NC_000913.3,5000,10000,-0.2222791463136673,0.10195550322532654,-0.5673297047615051
2,NC_000913.3,10000,15000,0.05721370875835419,0.46273526549339294,-0.3227536380290985
3,NC_000913.3,15000,20000,-0.05817113816738129,0.5089321136474609,-0.8742136359214783
4,NC_000913.3,20000,25000,-0.1780926138162613,0.13913509249687195,-0.40216001868247986
5,NC_000913.3,25000,30000,0.04721608757972717,0.4673705995082855,-0.1951887309551239
6,NC_000913.3,30000,35000,-0.11334826797246933,0.2651422917842865,-0.36431559920310974
7,NC_000913.3,35000,40000,-0.05506257712841034,0.3700834810733795,-0.25881579518318176
8,NC_000913.3,40000,45000,-0.0988590195775032,0.3080620765686035,-0.5687885284423828
9,NC_000913.3,45000,50000,-0.2764533758163452,0.033579021692276,-0.7072621583938599
10,NC_000913.3,50000,55000,-0.03503827750682831,0.5769444704055786,-0.4646123945713043
11,NC_000913.3,55000,60000,0.01054033637046814,0.5048972368240356,-0.7144060134887695
12,NC_000913.3,60000,65000,-0.1006150171160698,0.3740985095500946,-0.20260459184646606
13,NC_000913.3,65000,70000,-0.09139834344387054,0.31215211749076843,-0.6426640748977661
14,NC_000913.3,70000,75000,0.04861651360988617,0.46414512395858765,-0.5460387468338013
15,NC_000913.3,75000,80000,-0.1949368566274643,0.23735901713371277,-0.7821985483169556
16,NC_000913.3,80000,85000,-0.25173836946487427,0.24836987257003784,-0.8605239391326904
17,NC_000913.3,85000,90000,-0.004321262240409851,0.5361674427986145,-0.42973557114601135
18,NC_000913.3,90000,95000,-0.036202460527420044,0.5692931413650513,-0.5816740989685059
19,NC_000913.3,95000,100000,0.008952990174293518,0.6221697330474854,-0.5818307399749756
20,NC_000913.3,100000,105000,-0.02361905574798584,0.5567556619644165,-0.5614649653434753
21,NC_000913.3,105000,110000,0.07540027797222137,0.5704910755157471,-0.4109087884426117
22,NC_000913.3,110000,115000,-0.18809737265110016,0.36752569675445557,-0.7080050706863403
23,NC_000913.3,115000,120000,-0.19018888473510742,0.4026086926460266,-0.6600961685180664
24,NC_000913.3,120000,125000,-0.15558448433876038,0.42086589336395264,-0.527959406375885
25,NC_000913.3,125000,130000,-0.03167833387851715,0.4362524449825287,-0.5687091946601868
26,NC_000913.3,130000,135000,-0.2727697491645813,0.18981975317001343,-0.6985663175582886
27,NC_000913.3,135000,140000,-0.3601161539554596,0.2549585998058319,-0.7354549765586853
28,NC_000913.3,140000,145000,-0.2010490596294403,0.49223053455352783,-0.6259575486183167
29,NC_000913.3,145000,150000,-0.2282610982656479,0.5112882852554321,-0.5906326174736023
30,NC_000913.3,150000,155000,0.05273318290710449,0.651450514793396,-0.3350081741809845
31,NC_000913.3,155000,160000,-0.3704732656478882,0.2370835840702057,-0.728710412979126
32,NC_000913.3,160000,165000,-0.2765737771987915,0.21557405591011047,-0.592054009437561
33,NC_000913.3,165000,170000,-0.29533088207244873,0.1737290620803833,-0.6074984669685364
34,NC_000913.3,170000,175000,-0.3133920431137085,0.140199214220047,-0.5811660885810852
35,NC_000913.3,175000,180000,-0.1435769498348236,0.6165308952331543,-0.4769170582294464
36,NC_000913.3,180000,185000,-0.2197907567024231,0.2801765203475952,-0.6430894136428833
37,NC_000913.3,185000,190000,-0.3674493134021759,0.24086272716522217,-0.7259036302566528
38,NC_000913.3,190000,195000,-0.194074809551239,0.44892022013664246,-0.4618109166622162
39,NC_000913.3,195000,200000,-0.23418466746807098,0.45528045296669006,-0.7123679518699646
40,NC_000913.3,200000,205000,-0.1754452884197235,0.39709991216659546,-0.36880531907081604
41,NC_000913.3,205000,210000,-0.23656293749809265,0.33829358220100403,-0.5388124585151672
42,NC_000913.3,210000,215000,-0.4431886076927185,0.19321700930595398,-0.6280112266540527
43,NC_000913.3,215000,220000,-0.4736826419830322,0.08816081285476685,-0.5628429651260376
44,NC_000913.3,220000,225000,-0.24837905168533325,0.5066764950752258,-0.8712807297706604
45,NC_000913.3,225000,230000,-0.9399020671844482,0.9879072904586792,-1.0659258365631104
46,NC_000913.3,230000,235000,-0.4939122200012207,0.2758429944515228,-0.5671098232269287
47,NC_000913.3,235000,240000,-0.48291510343551636,0.2593245804309845,-0.5976501703262329
48,NC_000913.3,240000,245000,-0.3537614941596985,0.39347773790359497,-0.5016822218894958
49,NC_000913.3,245000,250000,-0.4963427782058716,0.17650625109672546,-0.45011797547340393
50,NC_000913.3,250000,255000,-0.42055872082710266,0.08862033486366272,-0.35891517996788025
51,NC_000913.3,255000,260000,-0.48165541887283325,0.22530826926231384,-0.3249233067035675
52,NC_000913.3,260000,265000,-0.17799286544322968,0.2507731318473816,-0.03776537626981735
53,NC_000913.3,265000,270000,-0.3162536025047302,0.2153930962085724,-0.22908052802085876
54,NC_000913.3,270000,275000,-0.42858415842056274,0.4617607295513153,-1.0097661018371582
55,NC_000913.3,275000,280000,-0.6287228465080261,0.08051702380180359,-0.47697290778160095
56,NC_000913.3,280000,285000,-0.3327556848526001,0.04993245005607605,-0.3557697832584381
57,NC_000913.3,285000,290000,-0.3299495577812195,0.11440515518188477,-0.1717655509710312
58,NC_000913.3,290000,295000,-0.5788408517837524,0.33019766211509705,-0.6257421970367432
59,NC_000913.3,295000,300000,-0.283800333738327,0.17681339383125305,-0.0993381068110466
60,NC_000913.3,300000,305000,-0.5197774767875671,0.18546101450920105,-0.20575882494449615
61,NC_000913.3,305000,310000,-0.286577969789505,0.2132190465927124,-0.28148868680000305
62,NC_000913.3,310000,315000,-0.1645634025335312,0.5218353867530823,-0.294094055891037
63,NC_000913.3,315000,320000,-0.4872135519981384,0.5040311813354492,-0.6465787291526794
64,NC_000913.3,320000,325000,-0.18137846887111664,0.46539416909217834,-0.31982603669166565
65,NC_000913.3,325000,330000,-0.5133329033851624,0.14025214314460754,-0.5207625031471252
66,NC_000913.3,330000,335000,-0.5612711906433105,0.36180195212364197,-0.6403292417526245
67,NC_000913.3,335000,340000,-0.17067387700080872,0.5472612380981445,-0.24696364998817444
68,NC_000913.3,340000,345000,-0.684721827507019,0.23532256484031677,-0.4864741861820221
69,NC_000913.3,345000,350000,-0.6424136757850647,0.2566247880458832,-0.520520031452179
70,NC_000913.3,350000,355000,-0.6877599954605103,0.12551060318946838,-0.37640097737312317
71,NC_000913.3,355000,360000,-0.3538437485694885,0.29802021384239197,-0.32000598311424255
72,NC_000913.3,360000,365000,-0.4975926876068115,0.2539363205432892,-0.35531553626060486
73,NC_000913.3,365000,370000,-0.618217408657074,0.1314384639263153,-0.2887819707393646
74,NC_000913.3,370000,375000,-0.5845728516578674,0.14041420817375183,-0.22792330384254456
75,NC_000913.3,375000,380000,-0.24484297633171082,0.5757975578308105,-0.16516931354999542
76,NC_000913.3,380000,385000,-0.5774762630462646,0.5999732613563538,-0.6625710129737854
77,NC_000913.3,385000,390000,-0.28128594160079956,0.3456595242023468,-0.07481836527585983
78,NC_000913.3,390000,395000,-0.7610687017440796,0.43921151757240295,-0.5481969118118286
79,NC_000913.3,395000,400000,-0.3549156188964844,0.4247245490550995,-0.13774080574512482
80,NC_000913.3,400000,405000,-0.5041728019714355,0.34477129578590393,-0.15777350962162018
81,NC_000913.3,405000,410000,-0.41752350330352783,0.4765506684780121,-0.2934779226779938
82,NC_000913.3,410000,415000,-0.32064807415008545,0.6272674202919006,-0.33382293581962585
83,NC_000913.3,415000,420000,-0.3835470676422119,0.6366455554962158,-0.37640419602394104
84,NC_000913.3,420000,425000,-0.3585742115974426,0.697400689125061,-0.48747387528419495
85,NC_000913.3,425000,430000,-0.36295682191848755,0.5864027738571167,-0.49509522318840027
86,NC_000913.3,430000,435000,-0.4823646545410156,0.4776407778263092,-0.42499473690986633
87,NC_000913.3,435000,440000,-0.502023458480835,0.47132429480552673,-0.3768061101436615
88,NC_000913.3,440000,445000,-0.4286063313484192,0.5668385028839111,-0.46083691716194153
89,NC_000913.3,445000,450000,-0.4482070803642273,0.6563515067100525,-0.3851836025714874
90,NC_000913.3,450000,455000,-0.15640419721603394,0.7272421717643738,-0.3555872142314911
91,NC_000913.3,455000,460000,-0.5285542607307434,0.44964489340782166,-0.3128909170627594
92,NC_000913.3,460000,465000,-0.4765664339065552,0.5484223365783691,-0.28148409724235535
93,NC_000913.3,465000,470000,-0.2671857476234436,0.814660906791687,-0.4021247923374176
94,NC_000913.3,470000,475000,-0.4269653856754303,0.5205631256103516,-0.26359328627586365
95,NC_000913.3,475000,480000,-0.4324560761451721,0.7146561741828918,-0.22005219757556915
96,NC_000913.3,480000,485000,-0.6531471610069275,0.578414797782898,-0.31793108582496643
97,NC_000913.3,485000,490000,-0.6522637605667114,0.3924565017223358,-0.33052703738212585
98,NC_000913.3,490000,495000,-0.418182909488678,0.4489830434322357,-0.11135045439004898
99,NC_000913.3,495000,500000,-0.38050347566604614,0.5579482316970825,-0.22021616995334625
100,NC_000913.3,500000,505000,-0.23579645156860352,0.7239214777946472,-0.20979373157024384
101,NC_000913.3,505000,510000,-0.5647568702697754,0.620680570602417,-0.3761036694049835
102,NC_000913.3,510000,515000,-0.736383318901062,0.3797666132450104,-0.297023206949234
103,NC_000913.3,515000,520000,-0.6081229448318481,0.44501784443855286,-0.21411024034023285
104,NC_000913.3,520000,525000,-0.625665009021759,0.34886106848716736,-0.19812218844890594
105,NC_000913.3,525000,530000,-0.6662195324897766,0.6753358840942383,-0.27725669741630554
106,NC_000913.3,530000,535000,-0.6872975826263428,0.3791758120059967,-0.1764475405216217
107,NC_000913.3,535000,540000,-0.48855340480804443,0.48378005623817444,-0.12408027797937393
108,NC_000913.3,540000,545000,-0.6599964499473572,0.29415151476860046,-0.12688246369361877
109,NC_000913.3,545000,550000,-0.24365171790122986,0.33188381791114807,0.06718573719263077
110,NC_000913.3,550000,555000,-0.47554218769073486,0.2147548496723175,0.041352979838848114
111,NC_000913.3,555000,560000,-0.4047357439994812,0.33376720547676086,0.03272078186273575
112,NC_000913.3,560000,565000,-0.11575226485729218,0.6835190057754517,-0.10603641718626022
113,NC_000913.3,565000,570000,-0.19512097537517548,0.9329686164855957,-0.3431725800037384
114,NC_000913.3,570000,575000,-0.16867606341838837,0.7985389828681946,-0.1606348603963852
115,NC_000913.3,575000,580000,-0.742568850517273,0.594286322593689,-0.2330726683139801
116,NC_000913.3,580000,585000,-0.23303568363189697,0.9312959909439087,-0.21477118134498596
117,NC_000913.3,585000,590000,-0.4628409743309021,0.6365872621536255,-0.007527569308876991
118,NC_000913.3,590000,595000,-0.7787022590637207,0.282552033662796,-0.01139369048178196
119,NC_000913.3,595000,600000,-0.8158031702041626,0.30096545815467834,-0.07075393944978714
120,NC_000913.3,600000,605000,-0.4140741229057312,0.5061668157577515,-0.035081081092357635
121,NC_000913.3,605000,610000,-0.4597993493080139,0.884210467338562,-0.3103470504283905
122,NC_000913.3,610000,615000,-0.7089571952819824,0.3163371980190277,0.013178965076804161
123,NC_000913.3,615000,620000,-0.1755506992340088,0.39496752619743347,0.15533049404621124
124,NC_000913.3,620000,625000,-0.6455293297767639,0.3613879382610321,0.22520215809345245
125,NC_000913.3,625000,630000,-0.19969090819358826,0.37660786509513855,0.12487735599279404
126,NC_000913.3,630000,635000,-0.5666418075561523,0.5507901906967163,-0.12684202194213867
127,NC_000913.3,635000,640000,-0.8297944664955139,0.3920600712299347,-0.02127535082399845
128,NC_000913.3,640000,645000,-0.47851914167404175,0.2807839810848236,0.10766478627920151
129,NC_000913.3,645000,650000,-0.6339823603630066,0.22629675269126892,0.0879441648721695
130,NC_000913.3,650000,655000,-0.6914717555046082,0.31509605050086975,0.07486117631196976
131,NC_000913.3,655000,660000,-0.41212964057922363,0.35948601365089417,0.20073504745960236
132,NC_000913.3,660000,665000,-0.300387442111969,0.599111795425415,-0.028555119410157204
133,NC_000913.3,665000,670000,-0.6757750511169434,0.5522574186325073,0.0409395769238472
134,NC_000913.3,670000,675000,-0.5727939605712891,0.4433373510837555,0.10153902322053909
135,NC_000913.3,675000,680000,-0.6700394153594971,0.5697619915008545,0.11797907203435898
136,NC_000913.3,680000,685000,-0.5230706334114075,0.5855376720428467,0.07383418083190918
137,NC_000913.3,685000,690000,-0.799533486366272,0.6650166511535645,-0.011947834864258766
138,NC_000913.3,690000,695000,-0.3294394612312317,0.5151143074035645,0.10450383275747299
139,NC_000913.3,695000,700000,-0.4101725220680237,0.45381566882133484,0.19185039401054382
140,NC_000913.3,700000,705000,-0.5252653956413269,0.4775046408176422,0.12950560450553894
141,NC_000913.3,705000,710000,-0.6165367960929871,0.3959244191646576,0.13195647299289703
142,NC_000913.3,710000,715000,-0.3435986638069153,0.43168482184410095,0.14064376056194305
143,NC_000913.3,715000,720000,-0.47089099884033203,0.6256353855133057,-0.019783908501267433
144,NC_000913.3,720000,725000,-0.6195183992385864,0.4375322163105011,0.22171728312969208
145,NC_000913.3,725000,730000,-0.7409303188323975,0.43914344906806946,0.0836387425661087
146,NC_000913.3,730000,735000,-0.8367324471473694,0.9420969486236572,0.009426271542906761
147,NC_000913.3,735000,740000,-0.40119731426239014,1.0156880617141724,-0.18983657658100128
148,NC_000913.3,740000,745000,-0.4494655132293701,0.6710267066955566,-0.033462099730968475
149,NC_000913.3,745000,750000,-0.399838924407959,0.8121570348739624,-0.051972895860672
150,NC_000913.3,750000,755000,-0.46335142850875854,0.8402175903320312,-0.042386509478092194
151,NC_000913.3,755000,760000,-0.45003360509872437,0.7522276043891907,0.08437082171440125
152,NC_000913.3,760000,765000,-0.2615969181060791,0.6218383312225342,0.08261347562074661
153,NC_000913.3,765000,770000,-0.5529540181159973,0.8152440786361694,-0.002439269796013832
154,NC_000913.3,770000,775000,-0.5663872361183167,0.8753883838653564,-0.016865471377968788
155,NC_000913.3,775000,780000,-0.26622840762138367,0.8791024684906006,-0.015106866136193275
156,NC_000913.3,780000,785000,-0.19076944887638092,0.9264277219772339,-0.07958120852708817
157,NC_000913.3,785000,790000,-0.5469260215759277,0.7398403882980347,0.08576710522174835
158,NC_000913.3,790000,795000,-0.18606428802013397,0.7969908714294434,0.006459197029471397
159,NC_000913.3,795000,800000,-0.2150188833475113,0.8114523887634277,0.06485334783792496
160,NC_000913.3,800000,805000,-0.4708401560783386,0.7548624277114868,0.1765885353088379
161,NC_000913.3,805000,810000,-0.07139125466346741,0.7659333944320679,0.03262504190206528
162,NC_000913.3,810000,815000,-0.5775260925292969,0.4710627496242523,0.376858651638031
163,NC_000913.3,815000,820000,-0.02501600980758667,0.6403870582580566,0.035193756222724915
164,NC_000913.3,820000,825000,-0.6234750747680664,0.6495633125305176,0.20807617902755737
165,NC_000913.3,825000,830000,-0.429997980594635,0.5065096616744995,0.2885284423828125
166,NC_000913.3,830000,835000,-0.013340368866920471,0.5369911193847656,0.0790402740240097
167,NC_000913.3,835000,840000,-0.6388882994651794,0.5356466770172119,0.29554396867752075
168,NC_000913.3,840000,845000,-0.5308248400688171,0.6635220050811768,0.2930622398853302
169,NC_000913.3,845000,850000,-0.2771046757698059,0.5315351486206055,0.2459598034620285
170,NC_000913.3,850000,855000,-0.2414969503879547,0.7266433238983154,0.1209455281496048
171,NC_000913.3,855000,860000,-0.5554882287979126,0.4855251610279083,0.4117201864719391
172,NC_000913.3,860000,865000,-0.0640622079372406,0.5263923406600952,0.1459822654724121
173,NC_000913.3,865000,870000,-0.238962784409523,0.8347563743591309,0.1194499209523201
174,NC_000913.3,870000,875000,-0.42899608612060547,0.7282861471176147,0.25231385231018066
175,NC_000913.3,875000,880000,-0.4017362892627716,0.7497222423553467,0.3146616518497467
176,NC_000913.3,880000,885000,-0.03486287593841553,0.8093857169151306,-0.09618104249238968
177,NC_000913.3,885000,890000,-0.2291443794965744,0.8572671413421631,0.15577185153961182
178,NC_000913.3,890000,895000,-0.20264041423797607,0.7196899652481079,0.31474199891090393
179,NC_000913.3,895000,900000,-0.4101371765136719,0.5683459043502808,0.40481501817703247
180,NC_000913.3,900000,905000,-0.021215498447418213,0.9467885494232178,-0.008601883426308632
181,NC_000913.3,905000,910000,-0.3095564842224121,0.6104723215103149,0.3318467140197754
182,NC_000913.3,910000,915000,0.08832044899463654,0.8098552227020264,-0.06571968644857407
183,NC_000913.3,915000,920000,-0.4046667814254761,0.7207398414611816,0.3512861430644989
184,NC_000913.3,920000,925000,-0.13014422357082367,0.6706587672233582,0.15904155373573303
185,NC_000913.3,925000,930000,-0.3282555341720581,0.9232296943664551,0.14292684197425842
186,NC_000913.3,930000,935000,-0.12756788730621338,0.9576749801635742,0.11169009655714035
187,NC_000913.3,935000,940000,-0.1718778759241104,0.8519530296325684,0.15236249566078186
188,NC_000913.3,940000,945000,-0.31372320652008057,0.8168239593505859,0.30827000737190247
189,NC_000913.3,945000,950000,-0.37330806255340576,0.7710810899734497,0.433824747800827
190,NC_000913.3,950000,955000,-0.025518879294395447,0.860282301902771,0.1458597183227539
191,NC_000913.3,955000,960000,0.07695390284061432,0.9469469785690308,0.09449129551649094
192,NC_000913.3,960000,965000,-0.4087197780609131,0.45925018191337585,0.4664081335067749
193,NC_000913.3,965000,970000,-0.17059485614299774,0.7015068531036377,0.33685433864593506
194,NC_000913.3,970000,975000,-0.32175779342651367,0.38169315457344055,0.4421623647212982
195,NC_000913.3,975000,980000,-0.3205793499946594,0.41365137696266174,0.3962598145008087
196,NC_000913.3,980000,985000,0.08588771522045135,0.6595891714096069,0.10319509357213974
197,NC_000913.3,985000,990000,-0.31562453508377075,0.5732890367507935,0.4029867947101593
198,NC_000913.3,990000,995000,-0.2925512194633484,0.34617891907691956,0.3302382528781891
199,NC_000913.3,995000,1000000,-0.21978162229061127,0.8050789833068848,0.43782857060432434
200,NC_000913.3,1000000,1005000,-0.1373654305934906,0.9760183095932007,0.2643224895000458
201,NC_000913.3,1005000,1010000,-0.12298539280891418,0.6619501113891602,0.34954896569252014
202,NC_000913.3,1010000,1015000,-0.1477649062871933,0.5740257501602173,0.3847914934158325
203,NC_000913.3,1015000,1020000,-0.20195376873016357,0.49739155173301697,0.37671980261802673
204,NC_000913.3,1020000,1025000,-0.31711894273757935,0.4427819550037384,0.568352460861206
205,NC_000913.3,1025000,1030000,-0.04675571620464325,0.45904210209846497,0.39667192101478577
206,NC_000913.3,1030000,1035000,-0.19646309316158295,0.28038474917411804,0.49688586592674255
207,NC_000913.3,1035000,1040000,0.2501828670501709,0.6372057199478149,0.051100291311740875
208,NC_000913.3,1040000,1045000,-0.0015722811222076416,0.7574658393859863,0.21261055767536163
209,NC_000913.3,1045000,1050000,0.22370631992816925,0.813040018081665,-0.006856570020318031
210,NC_000913.3,1050000,1055000,-0.23086726665496826,0.5021048784255981,0.6084638237953186
211,NC_000913.3,1055000,1060000,-0.2973312437534332,0.3951021730899811,0.6274003386497498
212,NC_000913.3,1060000,1065000,-0.15701572597026825,0.4278830587863922,0.5988645553588867
213,NC_000913.3,1065000,1070000,-0.09510615468025208,0.3296946585178375,0.4371170103549957
214,NC_000913.3,1070000,1075000,-0.009879350662231445,0.36711904406547546,0.3442051112651825
215,NC_000913.3,1075000,1080000,-0.056991174817085266,0.466722697019577,0.4437788426876068
216,NC_000913.3,1080000,1085000,0.016172781586647034,0.5535229444503784,0.27381443977355957
217,NC_000913.3,1085000,1090000,0.009531721472740173,0.6874338984489441,0.3366380035877228
218,NC_000913.3,1090000,1095000,0.23941637575626373,0.9304968118667603,0.11770423501729965
219,NC_000913.3,1095000,1100000,0.19974194467067719,0.9742163419723511,0.21853430569171906
220,NC_000913.3,1100000,1105000,-0.0489736944437027,0.689245343208313,0.5025632977485657
221,NC_000913.3,1105000,1110000,-0.367213636636734,0.6009809970855713,0.5925078988075256
222,NC_000913.3,1110000,1115000,-0.09091989696025848,0.7938156127929688,0.42158272862434387
223,NC_000913.3,1115000,1120000,-0.22482271492481232,0.7602159380912781,0.5080236792564392
224,NC_000913.3,1120000,1125000,-0.19223903119564056,0.6576967239379883,0.5834819674491882
225,NC_000913.3,1125000,1130000,-0.1674136370420456,0.6578222513198853,0.6035089492797852
226,NC_000913.3,1130000,1135000,0.09184698760509491,0.8471883535385132,0.2824958860874176
227,NC_000913.3,1135000,1140000,0.13677389919757843,0.8806953430175781,0.30384162068367004
228,NC_000913.3,1140000,1145000,0.02243591845035553,0.6867330074310303,0.41712626814842224
229,NC_000913.3,1145000,1150000,0.22151611745357513,0.7258652448654175,0.20082582533359528
230,NC_000913.3,1150000,1155000,0.12402708828449249,0.771782636642456,0.34744563698768616
231,NC_000913.3,1155000,1160000,0.07936568558216095,0.8500899076461792,0.45770660042762756
232,NC_000913.3,1160000,1165000,0.3153146505355835,0.8455867767333984,0.15967731177806854
233,NC_000913.3,1165000,1170000,0.36608344316482544,0.7695764303207397,0.21320514380931854
234,NC_000913.3,1170000,1175000,0.37157142162323,0.7172529697418213,0.09977338463068008
235,NC_000913.3,1175000,1180000,0.3557339310646057,0.7120904922485352,0.12141693383455276
236,NC_000913.3,1180000,1185000,0.12069036066532135,0.8331868648529053,0.48276475071907043
237,NC_000913.3,1185000,1190000,0.17635954916477203,0.4941519796848297,0.3471547067165375
238,NC_000913.3,1190000,1195000,0.14936740696430206,0.551877498626709,0.384117990732193
239,NC_000913.3,1195000,1200000,-0.026675820350646973,0.5697091817855835,0.6132219433784485
240,NC_000913.3,1200000,1205000,0.2588590383529663,0.6627154350280762,0.2861420810222626
241,NC_000913.3,1205000,1210000,0.4406471252441406,0.6661546230316162,0.1112750843167305
242,NC_000913.3,1210000,1215000,0.16085998713970184,0.6293188333511353,0.4688778817653656
243,NC_000913.3,1215000,1220000,0.11232210695743561,0.6351261734962463,0.5749235153198242
244,NC_000913.3,1220000,1225000,0.37487393617630005,0.7972202301025391,0.3695680797100067
245,NC_000913.3,1225000,1230000,0.15050403773784637,0.6578919291496277,0.6024290323257446
246,NC_000913.3,1230000,1235000,0.31341856718063354,0.6268588304519653,0.4406924545764923
247,NC_000913.3,1235000,1240000,0.07187734544277191,0.5289140939712524,0.7244067192077637
248,NC_000913.3,1240000,1245000,0.00450935959815979,0.4541468322277069,0.6594085693359375
249,NC_000913.3,1245000,1250000,0.37196046113967896,0.5383500456809998,0.24326428771018982
250,NC_000913.3,1250000,1255000,0.5238711833953857,0.6966257691383362,0.30540362000465393
251,NC_000913.3,1255000,1260000,0.4747028946876526,0.6537649631500244,0.31914982199668884
252,NC_000913.3,1260000,1265000,0.24948258697986603,0.476640909910202,0.42510977387428284
253,NC_000913.3,1265000,1270000,0.3210151195526123,0.8031530380249023,0.48827049136161804
254,NC_000913.3,1270000,1275000,0.32904475927352905,0.6523767709732056,0.5223296880722046
255,NC_000913.3,1275000,1280000,0.07202829420566559,0.39554718136787415,0.5868860483169556
256,NC_000913.3,1280000,1285000,0.24690519273281097,0.38130244612693787,0.37039902806282043
257,NC_000913.3,1285000,1290000,0.5549193620681763,0.5864307284355164,0.22561022639274597
258,NC_000913.3,1290000,1295000,0.26720893383026123,0.6300977468490601,0.6193399429321289
259,NC_000913.3,1295000,1300000,0.27786654233932495,0.6733262538909912,0.7027454376220703
260,NC_000913.3,1300000,1305000,0.488836407661438,0.8862806558609009,0.5464257597923279
261,NC_000913.3,1305000,1310000,0.4271761178970337,0.6548393964767456,0.5062499046325684
262,NC_000913.3,1310000,1315000,0.1555599421262741,0.5564569234848022,0.8083993196487427
263,NC_000913.3,1315000,1320000,0.5966843366622925,0.5374425649642944,0.33478036522865295
264,NC_000913.3,1320000,1325000,0.41777360439300537,0.37059924006462097,0.39504995942115784
265,NC_000913.3,1325000,1330000,0.4719729423522949,0.5369590520858765,0.4591893255710602
266,NC_000913.3,1330000,1335000,0.5217190980911255,0.4980728328227997,0.5030561089515686
267,NC_000913.3,1335000,1340000,0.4525388479232788,0.5272567272186279,0.49909791350364685
268,NC_000913.3,1340000,1345000,0.5038086175918579,0.6091285943984985,0.5852956771850586
269,NC_000913.3,1345000,1350000,0.2787759304046631,0.44275614619255066,0.6619858145713806
270,NC_000913.3,1350000,1355000,0.688895046710968,0.4341343343257904,0.3186130225658417
271,NC_000913.3,1355000,1360000,0.17129693925380707,0.3233698904514313,0.671034574508667
272,NC_000913.3,1360000,1365000,0.5417091846466064,0.3570253551006317,0.25257250666618347
273,NC_000913.3,1365000,1370000,0.26080745458602905,0.2288360595703125,0.4886040985584259
274,NC_000913.3,1370000,1375000,0.30085963010787964,0.48971179127693176,0.7145134210586548
275,NC_000913.3,1375000,1380000,0.4107372760772705,0.35781270265579224,0.39506205916404724
276,NC_000913.3,1380000,1385000,0.5866589546203613,0.3876146376132965,0.31140246987342834
277,NC_000913.3,1385000,1390000,0.5325658321380615,0.28144371509552,0.3748656213283539
278,NC_000913.3,1390000,1395000,0.09975217282772064,0.34380581974983215,0.8409684896469116
279,NC_000913.3,1395000,1400000,0.7185958623886108,0.42327383160591125,0.5102278590202332
280,NC_000913.3,1400000,1405000,0.647649884223938,0.46430858969688416,0.5412634611129761
281,NC_000913.3,1405000,1410000,0.4683654308319092,0.4350881278514862,0.6310509443283081
282,NC_000913.3,1410000,1415000,0.2723925709724426,0.3638705611228943,0.754229724407196
283,NC_000913.3,1415000,1420000,0.3694363236427307,0.17484599351882935,0.5201748013496399
284,NC_000913.3,1420000,1425000,0.507534921169281,0.328546404838562,0.5008277297019958
285,NC_000913.3,1425000,1430000,0.2767896056175232,0.17843449115753174,0.5178232789039612
286,NC_000913.3,1430000,1435000,0.5221117734909058,0.6345747709274292,0.9602291584014893
287,NC_000913.3,1435000,1440000,0.6180671453475952,0.21472999453544617,0.37653490900993347
288,NC_000913.3,1440000,1445000,0.7852426171302795,0.32199734449386597,0.37736931443214417
289,NC_000913.3,1445000,1450000,0.6865613460540771,0.23825928568840027,0.44880685210227966
290,NC_000913.3,1450000,1455000,0.8286968469619751,0.33158189058303833,0.3188897669315338
291,NC_000913.3,1455000,1460000,0.7699597477912903,0.2167358100414276,0.2307702600955963
292,NC_000913.3,1460000,1465000,0.7751004695892334,0.20745253562927246,0.2446611225605011
293,NC_000913.3,1465000,1470000,0.9775770902633667,0.5066320896148682,0.6852783560752869
294,NC_000913.3,1470000,1475000,0.47525596618652344,0.4959440529346466,0.7781618237495422
295,NC_000913.3,1475000,1480000,0.47804051637649536,0.42025426030158997,0.6583196520805359
296,NC_000913.3,1480000,1485000,0.8649264574050903,0.04547727108001709,0.30539950728416443
297,NC_000913.3,1485000,1490000,0.6229295134544373,0.3356410562992096,0.6671243906021118
298,NC_000913.3,1490000,1495000,0.609889030456543,0.30385133624076843,0.5209274291992188
299,NC_000913.3,1495000,1500000,0.6923691034317017,0.4120625853538513,0.5718607902526855
300,NC_000913.3,1500000,1505000,0.9134397506713867,0.19073590636253357,0.31757447123527527
301,NC_000913.3,1505000,1510000,0.6109222173690796,0.2442387044429779,0.6765270233154297
302,NC_000913.3,1510000,1515000,0.2944595217704773,0.3224163055419922,0.8611838817596436
303,NC_000913.3,1515000,1520000,0.447623074054718,0.1755409836769104,0.5582596659660339
304,NC_000913.3,1520000,1525000,0.6505996584892273,0.3229539096355438,0.6771082282066345
305,NC_000913.3,1525000,1530000,0.5191698670387268,0.3526313006877899,0.8766107559204102
306,NC_000913.3,1530000,1535000,0.31846922636032104,0.40984469652175903,0.9676189422607422
307,NC_000913.3,1535000,1540000,0.6454224586486816,0.10350367426872253,0.4258429706096649
308,NC_000913.3,1540000,1545000,0.8380746841430664,0.3203180432319641,0.5193787217140198
309,NC_000913.3,1545000,1550000,0.33261072635650635,0.21749532222747803,0.6737117767333984
310,NC_000913.3,1550000,1555000,0.3353117108345032,0.2129470407962799,0.7487330436706543
311,NC_000913.3,1555000,1560000,0.5528770685195923,0.21153292059898376,0.7365716695785522
312,NC_000913.3,1560000,1565000,0.5325820446014404,0.0808069109916687,0.5192975997924805
313,NC_000913.3,1565000,1570000,0.9234738349914551,0.1351093351840973,0.47702112793922424
314,NC_000913.3,1570000,1575000,0.7181512117385864,0.3187491297721863,0.9123411774635315
315,NC_000913.3,1575000,1580000,0.29797863960266113,0.32971179485321045,1.0046215057373047
316,NC_000913.3,1580000,1585000,0.7282799482345581,0.17370888590812683,0.6571624279022217
317,NC_000913.3,1585000,1590000,0.6188229322433472,0.11207425594329834,0.6959577202796936
318,NC_000913.3,1590000,1595000,0.2637057900428772,0.18379580974578857,0.9244709014892578
319,NC_000913.3,1595000,1600000,0.6840460300445557,0.08941175043582916,0.7430312037467957
320,NC_000913.3,1600000,1605000,0.3610250949859619,0.10782411694526672,0.8674046993255615
321,NC_000913.3,1605000,1610000,0.5732229351997375,0.08068692684173584,0.9497768878936768
322,NC_000913.3,1610000,1615000,0.6702712774276733,-0.06295600533485413,0.42697498202323914
323,NC_000913.3,1615000,1620000,0.48369354009628296,0.10350760817527771,0.9638365507125854
324,NC_000913.3,1620000,1625000,0.7734466791152954,0.014436721801757812,0.7802093029022217
325,NC_000913.3,1625000,1630000,0.3495170474052429,0.10492788255214691,0.914269745349884
326,NC_000913.3,1630000,1635000,0.23164604604244232,0.15448743104934692,1.293982744216919
327,NC_000913.3,1635000,1640000,0.6039466857910156,0.15146800875663757,0.9175900816917419
328,NC_000913.3,1640000,1645000,0.4939380884170532,0.031535178422927856,0.726664662361145
329,NC_000913.3,1645000,1650000,0.783392608165741,-0.06916442513465881,0.5096827149391174
330,NC_000913.3,1650000,1655000,0.34953194856643677,0.03581443428993225,1.069702386856079
331,NC_000913.3,1655000,1660000,0.8785666227340698,0.023899704217910767,0.5763270258903503
332,NC_000913.3,1660000,1665000,0.3594468832015991,0.03720778226852417,0.8348111510276794
333,NC_000913.3,1665000,1670000,0.633892834186554,-0.01820281147956848,0.5952025651931763
334,NC_000913.3,1670000,1675000,0.8501366376876831,-0.17228791117668152,0.5641440153121948
335,NC_000913.3,1675000,1680000,0.6393755674362183,0.03711509704589844,0.7081682682037354
336,NC_000913.3,1680000,1685000,0.519334614276886,-0.036147505044937134,0.7371842861175537
337,NC_000913.3,1685000,1690000,0.887515664100647,-0.16809269785881042,0.4847646653652191
338,NC_000913.3,1690000,1695000,0.8014951944351196,-0.2285330593585968,0.6969695091247559
339,NC_000913.3,1695000,1700000,0.5923305153846741,-0.06685751676559448,0.8659782409667969
340,NC_000913.3,1700000,1705000,0.7990495562553406,-0.11851754784584045,0.4304666221141815
341,NC_000913.3,1705000,1710000,0.8010121583938599,-0.31710073351860046,0.5209625959396362
342,NC_000913.3,1710000,1715000,0.5630182027816772,-0.21635863184928894,0.7910110950469971
343,NC_000913.3,1715000,1720000,0.6977336406707764,-0.2570262849330902,0.45688316226005554
344,NC_000913.3,1720000,1725000,0.6839595437049866,-0.09062579274177551,0.5515880584716797
345,NC_000913.3,1725000,1730000,0.6250638961791992,-0.10156473517417908,0.652493953704834
346,NC_000913.3,1730000,1735000,0.7674237489700317,-0.16228827834129333,0.3337647616863251
347,NC_000913.3,1735000,1740000,0.34974968433380127,-0.0902203619480133,0.8340221643447876
348,NC_000913.3,1740000,1745000,0.5298389196395874,-0.2063385546207428,0.7629655599594116
349,NC_000913.3,1745000,1750000,0.6753169298171997,-0.3222586214542389,0.5056191086769104
350,NC_000913.3,1750000,1755000,0.7417857050895691,-0.22175946831703186,0.7677005529403687
351,NC_000913.3,1755000,1760000,0.4715639352798462,-0.10592839121818542,0.6660805344581604
352,NC_000913.3,1760000,1765000,0.7229378819465637,-0.30883803963661194,0.4858191907405853
353,NC_000913.3,1765000,1770000,0.6669927835464478,-0.23583462834358215,0.6510225534439087
354,NC_000913.3,1770000,1775000,0.5801934003829956,-0.3045445382595062,0.7337544560432434
355,NC_000913.3,1775000,1780000,0.5821213126182556,-0.24518147110939026,0.4929582178592682
356,NC_000913.3,1780000,1785000,0.5861744284629822,-0.2123660147190094,0.4920732080936432
357,NC_000913.3,1785000,1790000,0.4548870921134949,-0.13989725708961487,0.4759272038936615
358,NC_000913.3,1790000,1795000,0.18805794417858124,-0.0010256767272949219,0.9351894855499268
359,NC_000913.3,1795000,1800000,0.46176064014434814,-0.21482357382774353,0.584869921207428
360,NC_000913.3,1800000,1805000,0.4112790822982788,-0.26185718178749084,0.8581439256668091
361,NC_000913.3,1805000,1810000,0.399880051612854,-0.3215373456478119,0.7946242690086365
362,NC_000913.3,1810000,1815000,0.6486740708351135,-0.42326411604881287,0.6409227252006531
363,NC_000913.3,1815000,1820000,0.31975817680358887,-0.21512827277183533,0.7529695630073547
364,NC_000913.3,1820000,1825000,0.40825390815734863,-0.2088000476360321,0.642748236656189
365,NC_000913.3,1825000,1830000,0.3915104269981384,-0.10967621207237244,0.5235317349433899
366,NC_000913.3,1830000,1835000,0.26194506883621216,-0.07977443933486938,0.7286996841430664
367,NC_000913.3,1835000,1840000,0.0831364244222641,0.04361709952354431,0.8423973321914673
368,NC_000913.3,1840000,1845000,0.18766506016254425,-0.0471419095993042,0.7944727540016174
369,NC_000913.3,1845000,1850000,0.38202428817749023,-0.1733584702014923,0.5128964185714722
370,NC_000913.3,1850000,1855000,0.4298383593559265,-0.3177131116390228,0.9055699110031128
371,NC_000913.3,1855000,1860000,0.24972866475582123,-0.18207290768623352,0.9879014492034912
372,NC_000913.3,1860000,1865000,0.5005829334259033,-0.39214733242988586,0.506384551525116
373,NC_000913.3,1865000,1870000,0.490370512008667,-0.42760589718818665,0.6308243870735168
374,NC_000913.3,1870000,1875000,0.4213363528251648,-0.42424431443214417,0.732157289981842
375,NC_000913.3,1875000,1880000,0.324285626411438,-0.3460734188556671,0.7906298041343689
376,NC_000913.3,1880000,1885000,0.20735792815685272,-0.18980398774147034,0.9358344078063965
377,NC_000913.3,1885000,1890000,0.247087761759758,-0.15219473838806152,0.7882792353630066
378,NC_000913.3,1890000,1895000,0.537713885307312,-0.5069713592529297,0.47359970211982727
379,NC_000913.3,1895000,1900000,0.48611438274383545,-0.49010327458381653,0.6447730660438538
380,NC_000913.3,1900000,1905000,0.3004051446914673,-0.42489078640937805,0.9067246913909912
381,NC_000913.3,1905000,1910000,0.3114498257637024,-0.6026862859725952,0.6504956483840942
382,NC_000913.3,1910000,1915000,0.2909166216850281,-0.6848553419113159,0.6581006050109863
383,NC_000913.3,1915000,1920000,0.2309388965368271,-0.585321307182312,0.6794873476028442
384,NC_000913.3,1920000,1925000,0.389914333820343,-0.5970605611801147,0.5061221718788147
385,NC_000913.3,1925000,1930000,0.232096865773201,-0.4903828203678131,0.6630836725234985
386,NC_000913.3,1930000,1935000,0.03158850967884064,-0.1142200231552124,0.7032801508903503
387,NC_000913.3,1935000,1940000,0.30347752571105957,-0.5371882915496826,0.5415135025978088
388,NC_000913.3,1940000,1945000,0.1350679248571396,-0.577170729637146,0.7733801007270813
389,NC_000913.3,1945000,1950000,0.10457764565944672,-0.18565228581428528,0.7034518122673035
390,NC_000913.3,1950000,1955000,0.19082336127758026,-0.37128522992134094,0.6259141564369202
391,NC_000913.3,1955000,1960000,0.24371333420276642,-0.4354601204395294,0.6254292130470276
392,NC_000913.3,1960000,1965000,0.14212991297245026,-0.2997036874294281,0.63290935754776
393,NC_000913.3,1965000,1970000,0.36448681354522705,-0.5345242023468018,0.4086426794528961
394,NC_000913.3,1970000,1975000,0.311926007270813,-0.432865172624588,0.4609309136867523
395,NC_000913.3,1975000,1980000,0.033888235688209534,-0.4306716024875641,0.9592475891113281
396,NC_000913.3,1980000,1985000,0.2742864489555359,-0.7416731119155884,0.4981808364391327
397,NC_000913.3,1985000,1990000,0.042512521147727966,-0.364583820104599,0.8214372396469116
398,NC_000913.3,1990000,1995000,0.08295236527919769,-0.3242988884449005,0.6386971473693848
399,NC_000913.3,1995000,2000000,0.027018830180168152,-0.436233252286911,0.7525836229324341
400,NC_000913.3,2000000,2005000,0.08824299275875092,-0.5835666656494141,0.8292140364646912
401,NC_000913.3,2005000,2010000,0.04549524188041687,-0.5182605981826782,0.7911661863327026
402,NC_000913.3,2010000,2015000,0.037828490138053894,-0.4344571530818939,0.6075009703636169
403,NC_000913.3,2015000,2020000,-0.06354817003011703,-0.04718795418739319,0.5334405899047852
404,NC_000913.3,2020000,2025000,0.004468575119972229,-0.19909241795539856,0.8590106964111328
405,NC_000913.3,2025000,2030000,-0.0756348967552185,-0.1538328230381012,0.8656198382377625
406,NC_000913.3,2030000,2035000,-0.11299794912338257,-0.18164321780204773,0.8787566423416138
407,NC_000913.3,2035000,2040000,-0.07786810398101807,-0.26690545678138733,0.8668967485427856
408,NC_000913.3,2040000,2045000,-0.07885441184043884,-0.2247854769229889,0.635657787322998
409,NC_000913.3,2045000,2050000,0.21989203989505768,-0.6010323762893677,0.43465837836265564
410,NC_000913.3,2050000,2055000,-0.07944195717573166,-0.47731974720954895,0.88315749168396
411,NC_000913.3,2055000,2060000,0.05527828633785248,-0.39038899540901184,0.6137992143630981
412,NC_000913.3,2060000,2065000,0.19719545543193817,-0.7146307229995728,0.49451181292533875
413,NC_000913.3,2065000,2070000,-0.1576506346464157,-0.4513942301273346,1.0757758617401123
414,NC_000913.3,2070000,2075000,0.187844917178154,-0.42052409052848816,0.42412325739860535
415,NC_000913.3,2075000,2080000,0.14307545125484467,-0.42372003197669983,0.4865786135196686
416,NC_000913.3,2080000,2085000,-0.2592439651489258,-0.05859681963920593,0.8558603525161743
417,NC_000913.3,2085000,2090000,-0.27025556564331055,-0.07966554164886475,0.8228601813316345
418,NC_000913.3,2090000,2095000,0.020457878708839417,-0.23246631026268005,0.4467066824436188
419,NC_000913.3,2095000,2100000,-0.21170549094676971,-0.33155444264411926,0.7780627608299255
420,NC_000913.3,2100000,2105000,0.00015638768672943115,-0.7348849773406982,0.7487817406654358
421,NC_000913.3,2105000,2110000,-0.2007310539484024,-0.36584940552711487,0.7895129919052124
422,NC_000913.3,2110000,2115000,-0.06031809747219086,-0.5461089611053467,0.6687249541282654
423,NC_000913.3,2115000,2120000,-0.1599004566669464,-0.24406340718269348,0.7205771207809448
424,NC_000913.3,2120000,2125000,-0.03378991782665253,-0.08556443452835083,0.530723512172699
425,NC_000913.3,2125000,2130000,-0.07677513360977173,-0.3244638741016388,0.6046912670135498
426,NC_000913.3,2130000,2135000,-0.2919754981994629,-0.04854509234428406,0.8390650153160095
427,NC_000913.3,2135000,2140000,0.10429613292217255,-0.7635465860366821,0.5328285694122314
428,NC_000913.3,2140000,2145000,0.0053049176931381226,-0.6391690969467163,0.5684154629707336
429,NC_000913.3,2145000,2150000,-0.3104044795036316,-0.09064483642578125,0.7322666645050049
430,NC_000913.3,2150000,2155000,-0.08029291033744812,-0.266056627035141,0.5235334038734436
431,NC_000913.3,2155000,2160000,0.11309255659580231,-0.26961657404899597,0.3818250000476837
432,NC_000913.3,2160000,2165000,-0.03804123401641846,-0.1453341543674469,0.6149974465370178
433,NC_000913.3,2165000,2170000,-0.1619606465101242,-0.5240603685379028,0.6397954225540161
434,NC_000913.3,2170000,2175000,-0.21209608018398285,-0.6129508018493652,0.8084664344787598
435,NC_000913.3,2175000,2180000,-0.3021667003631592,-0.2581069767475128,0.6541845798492432
436,NC_000913.3,2180000,2185000,-0.35243481397628784,-0.18586114048957825,0.6986243724822998
437,NC_000913.3,2185000,2190000,-0.3190116286277771,-0.4199472963809967,0.7050659656524658
438,NC_000913.3,2190000,2195000,-0.014987170696258545,-0.5043022632598877,0.4179052412509918
439,NC_000913.3,2195000,2200000,-0.4073711633682251,-0.08164507150650024,0.6614856719970703
440,NC_000913.3,2200000,2205000,-0.5146580934524536,-0.10644131898880005,0.7332143783569336
441,NC_000913.3,2205000,2210000,-0.3291105628013611,0.029633313417434692,0.6037580966949463
442,NC_000913.3,2210000,2215000,-0.27321428060531616,-0.33850279450416565,0.5319097638130188
443,NC_000913.3,2215000,2220000,-0.17964306473731995,-0.0685935914516449,0.4764654338359833
444,NC_000913.3,2220000,2225000,-0.2574896216392517,-0.11854550242424011,0.5317773222923279
445,NC_000913.3,2225000,2230000,0.02923460304737091,-0.7323240041732788,0.37154123187065125
446,NC_000913.3,2230000,2235000,-0.14977580308914185,-0.5293643474578857,0.5394557118415833
447,NC_000913.3,2235000,2240000,-0.16314788162708282,-0.5564073324203491,0.5822415947914124
448,NC_000913.3,2240000,2245000,-0.06933708488941193,-0.6540074348449707,0.4076901376247406
449,NC_000913.3,2245000,2250000,-0.011441335082054138,-0.7240322828292847,0.3598213493824005
450,NC_000913.3,2250000,2255000,-0.24595971405506134,-0.4451673924922943,0.5151877403259277
451,NC_000913.3,2255000,2260000,-0.4776075482368469,-0.34824857115745544,0.639420211315155
452,NC_000913.3,2260000,2265000,-0.5010138750076294,-0.3416242301464081,0.6712638139724731
453,NC_000913.3,2265000,2270000,-0.25622862577438354,-0.6355774402618408,0.6230666637420654
454,NC_000913.3,2270000,2275000,-0.24907821416854858,-0.6524401903152466,0.584559440612793
455,NC_000913.3,2275000,2280000,-0.38048556447029114,-0.440428763628006,0.6404452919960022
456,NC_000913.3,2280000,2285000,-0.051824554800987244,-0.8174682855606079,0.4124862253665924
457,NC_000913.3,2285000,2290000,-0.5016114711761475,-0.5366244316101074,0.7456828355789185
458,NC_000913.3,2290000,2295000,-0.11664757132530212,-0.7751580476760864,0.3369702994823456
459,NC_000913.3,2295000,2300000,-0.22675885260105133,-0.20702585577964783,0.4293741285800934
460,NC_000913.3,2300000,2305000,-0.41953837871551514,0.020620077848434448,0.4886062443256378
461,NC_000913.3,2305000,2310000,-0.08508928120136261,-0.4223462641239166,0.3972817361354828
462,NC_000913.3,2310000,2315000,-0.33408844470977783,-0.6008181571960449,0.543947160243988
463,NC_000913.3,2315000,2320000,-0.3790005147457123,-0.464261919260025,0.6123340129852295
464,NC_000913.3,2320000,2325000,-0.6807225346565247,-0.25914618372917175,0.6205778121948242
465,NC_000913.3,2325000,2330000,-0.6806995272636414,-0.10089460015296936,0.5701391696929932
466,NC_000913.3,2330000,2335000,-0.381352961063385,-0.3093022406101227,0.5130807161331177
467,NC_000913.3,2335000,2340000,-0.5297464728355408,-0.07885101437568665,0.5302356481552124
468,NC_000913.3,2340000,2345000,-0.4722909927368164,-0.5640257596969604,0.49517205357551575
469,NC_000913.3,2345000,2350000,-0.17697155475616455,-0.8037658929824829,0.47884073853492737
470,NC_000913.3,2350000,2355000,-0.5478537678718567,-0.2866162359714508,0.589824378490448
471,NC_000913.3,2355000,2360000,-0.6503940224647522,-0.2324484884738922,0.533755898475647
472,NC_000913.3,2360000,2365000,-0.6779804229736328,-0.12313643097877502,0.4635274112224579
473,NC_000913.3,2365000,2370000,-0.03989247977733612,-0.7012374401092529,0.21261103451251984
474,NC_000913.3,2370000,2375000,-0.6075383424758911,-0.2568672001361847,0.4841482937335968
475,NC_000913.3,2375000,2380000,-0.3895655870437622,-0.09078609943389893,0.3771996796131134
476,NC_000913.3,2380000,2385000,-0.6003319025039673,-0.45533373951911926,0.5579063296318054
477,NC_000913.3,2385000,2390000,-0.23721134662628174,-0.8704402446746826,0.32300880551338196
478,NC_000913.3,2390000,2395000,-0.5721498131752014,-0.6639186143875122,0.38184425234794617
479,NC_000913.3,2395000,2400000,-0.6899687051773071,-0.522019624710083,0.42791178822517395
480,NC_000913.3,2400000,2405000,-0.4109616279602051,-0.7160015106201172,0.4330703914165497
481,NC_000913.3,2405000,2410000,-0.5600062608718872,-0.6970950365066528,0.3558913767337799
482,NC_000913.3,2410000,2415000,-0.3551101088523865,-0.7094676494598389,0.3405741751194
483,NC_000913.3,2415000,2420000,-0.38676556944847107,-0.6336719989776611,0.3735732138156891
484,NC_000913.3,2420000,2425000,-0.4822165369987488,-0.6224648952484131,0.4103999435901642
485,NC_000913.3,2425000,2430000,-0.6852673292160034,-0.28518298268318176,0.40626904368400574
486,NC_000913.3,2430000,2435000,-0.42714065313339233,-0.14609792828559875,0.42085233330726624
487,NC_000913.3,2435000,2440000,-0.2846482992172241,-0.27480319142341614,0.33005914092063904
488,NC_000913.3,2440000,2445000,-0.25062739849090576,-0.41112926602363586,0.29098179936408997
489,NC_000913.3,2445000,2450000,-0.26232823729515076,-0.37832239270210266,0.37595275044441223
490,NC_000913.3,2450000,2455000,-0.6546961069107056,-0.4021274149417877,0.4329551160335541
491,NC_000913.3,2455000,2460000,-0.3534014821052551,-0.28643080592155457,0.34607061743736267
492,NC_000913.3,2460000,2465000,-0.366729199886322,-0.385873943567276,0.40323206782341003
493,NC_000913.3,2465000,2470000,-0.45249730348587036,-0.3830650746822357,0.3277728259563446
494,NC_000913.3,2470000,2475000,-0.44002217054367065,-0.2374039590358734,0.4111640751361847
495,NC_000913.3,2475000,2480000,-0.15526077151298523,-0.8595949411392212,0.19802500307559967
496,NC_000913.3,2480000,2485000,-0.17175616323947906,-0.7166963815689087,0.29056742787361145
497,NC_000913.3,2485000,2490000,-0.29430586099624634,-0.6085050106048584,0.2799583971500397
498,NC_000913.3,2490000,2495000,-0.2712346911430359,-0.8762780427932739,0.20240868628025055
499,NC_000913.3,2495000,2500000,-0.6304020285606384,-0.5217573642730713,0.25448277592658997
500,NC_000913.3,2500000,2505000,-0.10527127981185913,-0.6356040239334106,0.22232197225093842
501,NC_000913.3,2505000,2510000,-0.44950783252716064,-0.5524379014968872,0.21954749524593353
502,NC_000913.3,2510000,2515000,-0.5583863258361816,-0.6660939455032349,0.40686288475990295
503,NC_000913.3,2515000,2520000,-0.5560741424560547,-0.5410515069961548,0.25960227847099304
504,NC_000913.3,2520000,2525000,-0.5698961615562439,-0.6822999715805054,0.25599411129951477
505,NC_000913.3,2525000,2530000,-0.7321032881736755,-0.3670140206813812,0.2770397365093231
506,NC_000913.3,2530000,2535000,-0.49582600593566895,-0.6809700727462769,0.19117961823940277
507,NC_000913.3,2535000,2540000,-0.46439987421035767,-0.7561205625534058,0.17386995255947113
508,NC_000913.3,2540000,2545000,-0.2970349192619324,-0.5829784870147705,0.2114696055650711
509,NC_000913.3,2545000,2550000,-0.7204594016075134,-0.3820914924144745,0.23168157041072845
510,NC_000913.3,2550000,2555000,-0.5815651416778564,-0.327205091714859,0.2751308083534241
511,NC_000913.3,2555000,2560000,-0.5771326422691345,-0.21393874287605286,0.23324273526668549
512,NC_000913.3,2560000,2565000,-0.5133366584777832,-0.29269078373908997,0.18614061176776886
513,NC_000913.3,2565000,2570000,-0.5020211338996887,-0.10999420285224915,0.2089594155550003
514,NC_000913.3,2570000,2575000,-0.37492305040359497,-0.1479303538799286,0.19446471333503723
515,NC_000913.3,2575000,2580000,-0.7459478974342346,-0.23051723837852478,0.26488885283470154
516,NC_000913.3,2580000,2585000,-0.31210970878601074,-0.3878583014011383,0.31557777523994446
517,NC_000913.3,2585000,2590000,-0.531424880027771,-0.447872132062912,0.18228177726268768
518,NC_000913.3,2590000,2595000,-0.4508768916130066,-0.44995787739753723,0.17708517611026764
519,NC_000913.3,2595000,2600000,-0.5330435037612915,-0.24450507760047913,0.11660417169332504
520,NC_000913.3,2600000,2605000,-0.751701831817627,-0.21765175461769104,0.12217196077108383
521,NC_000913.3,2605000,2610000,-0.3828762471675873,-0.1757255494594574,0.202347069978714
522,NC_000913.3,2610000,2615000,-0.7908905744552612,-0.2605392634868622,0.12687046825885773
523,NC_000913.3,2615000,2620000,-0.39564770460128784,-0.5350406169891357,0.14807161688804626
524,NC_000913.3,2620000,2625000,-0.8033329248428345,-0.5051122903823853,0.09601976722478867
525,NC_000913.3,2625000,2630000,-0.36045175790786743,-0.7848081588745117,0.2359379380941391
526,NC_000913.3,2630000,2635000,-0.7068296670913696,-0.39669331908226013,0.09592529386281967
527,NC_000913.3,2635000,2640000,-0.5825826525688171,-0.6309933662414551,0.061228491365909576
528,NC_000913.3,2640000,2645000,-0.5738343596458435,-0.6495993137359619,0.07160463184118271
529,NC_000913.3,2645000,2650000,-0.36296918988227844,-0.7024012804031372,0.1117684617638588
530,NC_000913.3,2650000,2655000,-0.6725476384162903,-0.5502191781997681,0.017739927396178246
531,NC_000913.3,2655000,2660000,-0.585543155670166,-0.2673679292201996,0.06064654141664505
532,NC_000913.3,2660000,2665000,-0.5103124380111694,-0.5320039987564087,-0.06261559575796127
533,NC_000913.3,2665000,2670000,-0.5719949007034302,-0.4611152112483978,0.1323186755180359
534,NC_000913.3,2670000,2675000,-0.6281927824020386,-0.16369816660881042,0.10028394311666489
535,NC_000913.3,2675000,2680000,-0.3945905566215515,-0.3195103704929352,0.10533247143030167
536,NC_000913.3,2680000,2685000,-0.6373652815818787,-0.33968350291252136,-0.06268075853586197
537,NC_000913.3,2685000,2690000,-0.34571242332458496,-0.4320685565471649,0.08514156192541122
538,NC_000913.3,2690000,2695000,-0.37243175506591797,-0.21820971369743347,0.1750078797340393
539,NC_000913.3,2695000,2700000,-0.7427257299423218,-0.43427810072898865,-0.1000518873333931
540,NC_000913.3,2700000,2705000,-0.40444400906562805,-0.5095332860946655,-0.010253289714455605
541,NC_000913.3,2705000,2710000,-0.40404900908470154,-0.7410682439804077,0.010408779606223106
542,NC_000913.3,2710000,2715000,-0.46906352043151855,-0.7923108339309692,-0.006255308166146278
543,NC_000913.3,2715000,2720000,-0.7139086723327637,-0.36212876439094543,-0.03907424956560135
544,NC_000913.3,2720000,2725000,-0.40584975481033325,-0.7187378406524658,0.028186162933707237
545,NC_000913.3,2725000,2730000,-1.0810075998306274,-1.3699352741241455,-0.13198871910572052
546,NC_000913.3,2730000,2735000,-0.6992295980453491,-0.6400749683380127,-0.18596361577510834
547,NC_000913.3,2735000,2740000,-0.2892504036426544,-0.5780355930328369,0.05862245708703995
548,NC_000913.3,2740000,2745000,-0.21825306117534637,-0.7905784845352173,-0.017815986648201942
549,NC_000913.3,2745000,2750000,-0.23274201154708862,-0.4512309730052948,0.10635815560817719
550,NC_000913.3,2750000,2755000,-0.5126100778579712,-0.4509434998035431,-0.03507668524980545
551,NC_000913.3,2755000,2760000,-0.5091763734817505,-0.40725961327552795,-0.07075228542089462
552,NC_000913.3,2760000,2765000,-0.6384343504905701,-0.5438966751098633,-0.11674372106790543
553,NC_000913.3,2765000,2770000,-0.32483792304992676,-0.6396325826644897,-0.027747033163905144
554,NC_000913.3,2770000,2775000,-0.7771328687667847,-0.4436333477497101,-0.17066502571105957
555,NC_000913.3,2775000,2780000,-0.7697517275810242,-0.4703262150287628,-0.2822580337524414
556,NC_000913.3,2780000,2785000,-0.6080812215805054,-0.534247636795044,-0.13491368293762207
557,NC_000913.3,2785000,2790000,-0.2750767767429352,-0.8172110319137573,-0.036085404455661774
558,NC_000913.3,2790000,2795000,-0.6876349449157715,-0.2534392178058624,-0.12189850956201553
559,NC_000913.3,2795000,2800000,-0.47780841588974,-0.587261438369751,-0.12448769062757492
560,NC_000913.3,2800000,2805000,-0.4021247625350952,-0.7165019512176514,-0.07755594700574875
561,NC_000913.3,2805000,2810000,-0.7062199711799622,-0.34016475081443787,-0.26624372601509094
562,NC_000913.3,2810000,2815000,-0.6828433275222778,-0.2805309593677521,-0.2190283238887787
563,NC_000913.3,2815000,2820000,-0.4882676601409912,-0.46122387051582336,-0.14979800581932068
564,NC_000913.3,2820000,2825000,-0.5144648551940918,-0.2305046021938324,-0.04007556289434433
565,NC_000913.3,2825000,2830000,-0.6712703704833984,-0.5175756216049194,-0.2927226126194
566,NC_000913.3,2830000,2835000,-0.4597683548927307,-0.12279161810874939,0.005181586369872093
567,NC_000913.3,2835000,2840000,-0.35047000646591187,-0.41769877076148987,-0.13118641078472137
568,NC_000913.3,2840000,2845000,-0.6111458539962769,-0.20011749863624573,-0.20980596542358398
569,NC_000913.3,2845000,2850000,-0.4869638681411743,-0.13660916686058044,-0.08409091830253601
570,NC_000913.3,2850000,2855000,-0.3062397539615631,-0.2076885998249054,0.029200946912169456
571,NC_000913.3,2855000,2860000,-0.44701337814331055,-0.2765142023563385,-0.22744008898735046
572,NC_000913.3,2860000,2865000,-0.4493917226791382,-0.33058562874794006,-0.21848876774311066
573,NC_000913.3,2865000,2870000,-0.4354061484336853,-0.3006455600261688,-0.11373833566904068
574,NC_000913.3,2870000,2875000,-0.355918288230896,-0.33348849415779114,-0.09096606075763702
575,NC_000913.3,2875000,2880000,-0.37767279148101807,-0.8366111516952515,-0.32416456937789917
576,NC_000913.3,2880000,2885000,-0.67924964427948,-0.5260035991668701,-0.38944822549819946
577,NC_000913.3,2885000,2890000,-0.4229978322982788,-0.5434348583221436,-0.4069100320339203
578,NC_000913.3,2890000,2895000,-0.43201765418052673,-0.5550066232681274,-0.37590673565864563
579,NC_000913.3,2895000,2900000,-0.6842782497406006,-0.30431583523750305,-0.3096890449523926
580,NC_000913.3,2900000,2905000,-0.5352224111557007,-0.4002883732318878,-0.22761407494544983
581,NC_000913.3,2905000,2910000,-0.2338554561138153,-0.594562292098999,-0.07012001425027847
582,NC_000913.3,2910000,2915000,-0.4570498466491699,-0.4993620216846466,-0.24330547451972961
583,NC_000913.3,2915000,2920000,-0.4829285740852356,-0.6515939235687256,-0.28967952728271484
584,NC_000913.3,2920000,2925000,-0.43131741881370544,-0.7314517498016357,-0.23013603687286377
585,NC_000913.3,2925000,2930000,-0.4710330367088318,-0.6007899045944214,-0.22332479059696198
586,NC_000913.3,2930000,2935000,-0.5002930760383606,-0.5997753143310547,-0.3101970851421356
587,NC_000913.3,2935000,2940000,-0.4529760479927063,-0.5938302278518677,-0.185276597738266
588,NC_000913.3,2940000,2945000,-0.46993881464004517,-0.44547006487846375,-0.2609620690345764
589,NC_000913.3,2945000,2950000,-0.26535719633102417,-0.7286655902862549,-0.2053627371788025
590,NC_000913.3,2950000,2955000,-0.4878361225128174,-0.32467183470726013,-0.26819244027137756
591,NC_000913.3,2955000,2960000,-0.547527015209198,-0.3242957293987274,-0.46646004915237427
592,NC_000913.3,2960000,2965000,-0.5285598039627075,-0.36091068387031555,-0.4596123993396759
593,NC_000913.3,2965000,2970000,-0.42194312810897827,-0.3681800067424774,-0.4031539261341095
594,NC_000913.3,2970000,2975000,-0.4861457347869873,-0.5145877599716187,-0.3986467719078064
595,NC_000913.3,2975000,2980000,-0.5258814096450806,-0.5564063787460327,-0.47160640358924866
596,NC_000913.3,2980000,2985000,-0.5571390390396118,-0.4506695568561554,-0.6005221009254456
597,NC_000913.3,2985000,2990000,-0.2789601683616638,-0.6976433992385864,-0.244983971118927
598,NC_000913.3,2990000,2995000,-0.07676763832569122,-0.5724854469299316,0.00878332369029522
599,NC_000913.3,2995000,3000000,-0.41360896825790405,-0.7499344348907471,-0.36368197202682495
600,NC_000913.3,3000000,3005000,-0.40596234798431396,-0.44479313492774963,-0.5660083889961243
601,NC_000913.3,3005000,3010000,-0.15827107429504395,-0.6312925815582275,-0.0897137001156807
602,NC_000913.3,3010000,3015000,-0.21229463815689087,-0.3621892035007477,-0.16176816821098328
603,NC_000913.3,3015000,3020000,-0.2828386723995209,-0.4151635468006134,-0.36138203740119934
604,NC_000913.3,3020000,3025000,-0.22748887538909912,-0.6324914693832397,-0.5406441688537598
605,NC_000913.3,3025000,3030000,-0.4320223927497864,-0.44885286688804626,-0.5984719395637512
606,NC_000913.3,3030000,3035000,-0.27295875549316406,-0.5535911321640015,-0.42111214995384216
607,NC_000913.3,3035000,3040000,-0.31537556648254395,-0.3647770583629608,-0.4208948314189911
608,NC_000913.3,3040000,3045000,-0.20120881497859955,-0.4741359055042267,-0.1999891996383667
609,NC_000913.3,3045000,3050000,-0.20390725135803223,-0.5276317596435547,-0.17388775944709778
610,NC_000913.3,3050000,3055000,-0.13501927256584167,-0.374094694852829,-0.009329022839665413
611,NC_000913.3,3055000,3060000,-0.15283019840717316,-0.4615684449672699,-0.07103060930967331
612,NC_000913.3,3060000,3065000,-0.04969675838947296,-0.5912307500839233,-0.07175933569669724
613,NC_000913.3,3065000,3070000,-0.16682496666908264,-0.8208063840866089,-0.32043933868408203
614,NC_000913.3,3070000,3075000,-0.11245661973953247,-0.4264492690563202,-0.04039832949638367
615,NC_000913.3,3075000,3080000,-0.18556156754493713,-0.6320006847381592,-0.34566253423690796
616,NC_000913.3,3080000,3085000,-0.21882915496826172,-0.22751960158348083,-0.08460019528865814
617,NC_000913.3,3085000,3090000,-0.3049958646297455,-0.258074551820755,-0.37757477164268494
618,NC_000913.3,3090000,3095000,-0.3471902310848236,-0.2489665448665619,-0.3870090842247009
619,NC_000913.3,3095000,3100000,-0.3453674912452698,-0.29404816031455994,-0.48944249749183655
620,NC_000913.3,3100000,3105000,-0.08390788733959198,-0.5857162475585938,-0.2547611892223358
621,NC_000913.3,3105000,3110000,-0.23155249655246735,-0.6811646223068237,-0.4182140827178955
622,NC_000913.3,3110000,3115000,-0.152591735124588,-0.33998551964759827,-0.13883613049983978
623,NC_000913.3,3115000,3120000,-0.1660628467798233,-0.5855073928833008,-0.2689908444881439
624,NC_000913.3,3120000,3125000,-0.3157196342945099,-0.3566051423549652,-0.6051204204559326
625,NC_000913.3,3125000,3130000,-0.19300095736980438,-0.17959454655647278,-0.13511405885219574
626,NC_000913.3,3130000,3135000,-0.3724295496940613,-0.6462092399597168,-0.7044625878334045
627,NC_000913.3,3135000,3140000,-0.10962026566267014,-0.6788281202316284,-0.3458511531352997
628,NC_000913.3,3140000,3145000,-0.15257202088832855,-0.32027068734169006,-0.3197888433933258
629,NC_000913.3,3145000,3150000,-0.07437954097986221,-0.7062015533447266,-0.14862945675849915
630,NC_000913.3,3150000,3155000,-0.1980964094400406,-0.5734059810638428,-0.39341169595718384
631,NC_000913.3,3155000,3160000,-0.28202494978904724,-0.5093867778778076,-0.6683574318885803
632,NC_000913.3,3160000,3165000,-0.1382557600736618,-0.5152040719985962,-0.33193254470825195
633,NC_000913.3,3165000,3170000,-0.18322503566741943,-0.5644272565841675,-0.26942917704582214
634,NC_000913.3,3170000,3175000,-0.1322764903306961,-0.3875478208065033,-0.19631843268871307
635,NC_000913.3,3175000,3180000,-0.08160465210676193,-0.229943186044693,-0.0034313444048166275
636,NC_000913.3,3180000,3185000,-0.25642573833465576,-0.383301705121994,-0.47552362084388733
637,NC_000913.3,3185000,3190000,-0.14460057020187378,-0.7206107378005981,-0.5735743641853333
638,NC_000913.3,3190000,3195000,0.047292545437812805,-0.5431650876998901,-0.17658951878547668
639,NC_000913.3,3195000,3200000,-0.0074911415576934814,-0.4063379466533661,-0.026210704818367958
640,NC_000913.3,3200000,3205000,0.03658775985240936,-0.4176010191440582,-0.07943261414766312
641,NC_000913.3,3205000,3210000,-0.17737069725990295,-0.2256467044353485,-0.27569523453712463
642,NC_000913.3,3210000,3215000,-0.12639999389648438,-0.18405726552009583,-0.16500377655029297
643,NC_000913.3,3215000,3220000,-0.23997589945793152,-0.2533978521823883,-0.56081223487854
644,NC_000913.3,3220000,3225000,-0.18730688095092773,-0.41630563139915466,-0.6965031623840332
645,NC_000913.3,3225000,3230000,-0.17258870601654053,-0.4033217132091522,-0.6659742593765259
646,NC_000913.3,3230000,3235000,-0.09916819632053375,-0.39524850249290466,-0.6159970760345459
647,NC_000913.3,3235000,3240000,-0.14591050148010254,-0.30404767394065857,-0.4984827935695648
648,NC_000913.3,3240000,3245000,-0.0784948319196701,-0.27702924609184265,-0.2595221698284149
649,NC_000913.3,3245000,3250000,-0.0696285292506218,-0.44389256834983826,-0.472224622964859
650,NC_000913.3,3250000,3255000,-0.11914626508951187,-0.5949066877365112,-0.6037089228630066
651,NC_000913.3,3255000,3260000,0.04934169352054596,-0.7173810005187988,-0.13869373500347137
652,NC_000913.3,3260000,3265000,-0.009964749217033386,-0.6398857831954956,-0.4461187422275543
653,NC_000913.3,3265000,3270000,-0.01557372510433197,-0.7643202543258667,-0.16287203133106232
654,NC_000913.3,3270000,3275000,0.0034936219453811646,-0.7791751623153687,-0.4102245271205902
655,NC_000913.3,3275000,3280000,-0.02846798300743103,-0.684444785118103,-0.3931753933429718
656,NC_000913.3,3280000,3285000,-0.013635694980621338,-0.5424106121063232,-0.48934802412986755
657,NC_000913.3,3285000,3290000,0.03448726236820221,-0.6888881921768188,-0.5389506816864014
658,NC_000913.3,3290000,3295000,-0.154924675822258,-0.47384515404701233,-0.7342236638069153
659,NC_000913.3,3295000,3300000,0.029628649353981018,-0.43803486227989197,-0.5474246740341187
660,NC_000913.3,3300000,3305000,-0.06229206919670105,-0.2975108325481415,-0.6573383808135986
661,NC_000913.3,3305000,3310000,0.07816646993160248,-0.5457761287689209,-0.18149946630001068
662,NC_000913.3,3310000,3315000,0.11307476460933685,-0.6019068956375122,-0.07931113988161087
663,NC_000913.3,3315000,3320000,0.08334891498088837,-0.6507824659347534,-0.18776212632656097
664,NC_000913.3,3320000,3325000,0.15817825496196747,-0.698792576789856,-0.24336054921150208
665,NC_000913.3,3325000,3330000,0.11344639956951141,-0.6066741943359375,-0.26558366417884827
666,NC_000913.3,3330000,3335000,0.14035357534885406,-0.6838350296020508,-0.3093245327472687
667,NC_000913.3,3335000,3340000,0.06937949359416962,-0.5875871181488037,-0.47217002511024475
668,NC_000913.3,3340000,3345000,0.05045275390148163,-0.5733356475830078,-0.4974142014980316
669,NC_000913.3,3345000,3350000,0.10952363908290863,-0.5443530082702637,-0.28951188921928406
670,NC_000913.3,3350000,3355000,0.13311238586902618,-0.6644998788833618,-0.18463675677776337
671,NC_000913.3,3355000,3360000,-0.03351558744907379,-0.2654866874217987,-0.45534923672676086
672,NC_000913.3,3360000,3365000,0.20660315454006195,-0.7029017210006714,-0.4514533579349518
673,NC_000913.3,3365000,3370000,-0.007383987307548523,-0.5986618995666504,-0.7612959146499634
674,NC_000913.3,3370000,3375000,0.0193178653717041,-0.3691349923610687,-0.34509286284446716
675,NC_000913.3,3375000,3380000,0.176425501704216,-0.5321276187896729,-0.12149921804666519
676,NC_000913.3,3380000,3385000,0.08194567263126373,-0.4732671082019806,-0.3794883191585541
677,NC_000913.3,3385000,3390000,0.2333001047372818,-0.740552544593811,-0.4253595173358917
678,NC_000913.3,3390000,3395000,0.09734140336513519,-0.4595687687397003,-0.5157865881919861
679,NC_000913.3,3395000,3400000,-0.026707902550697327,-0.27648499608039856,-0.48059579730033875
680,NC_000913.3,3400000,3405000,0.13429705798625946,-0.5466232299804688,-0.6133198738098145
681,NC_000913.3,3405000,3410000,0.019034817814826965,-0.3161102831363678,-0.7369300127029419
682,NC_000913.3,3410000,3415000,0.2490435093641281,-0.5687121152877808,-0.5474926829338074
683,NC_000913.3,3415000,3420000,0.03369005024433136,-0.37936297059059143,-0.7880248427391052
684,NC_000913.3,3420000,3425000,0.1341942399740219,-0.5732779502868652,-0.8070916533470154
685,NC_000913.3,3425000,3430000,0.01636020839214325,-0.9512615203857422,-0.8837567567825317
686,NC_000913.3,3430000,3435000,0.1471763402223587,-0.449367493391037,-0.4454320967197418
687,NC_000913.3,3435000,3440000,0.2578691840171814,-0.5263687372207642,-0.48562726378440857
688,NC_000913.3,3440000,3445000,0.2777095437049866,-0.5108827352523804,-0.35883232951164246
689,NC_000913.3,3445000,3450000,0.24839110672473907,-0.5866343975067139,-0.3031316101551056
690,NC_000913.3,3450000,3455000,0.29638516902923584,-0.6219755411148071,-0.3278731405735016
691,NC_000913.3,3455000,3460000,0.23874689638614655,-0.3851548731327057,-0.7748432159423828
692,NC_000913.3,3460000,3465000,0.13194341957569122,-0.31971392035484314,-0.7482379674911499
693,NC_000913.3,3465000,3470000,0.3349190950393677,-0.610053539276123,-0.328684002161026
694,NC_000913.3,3470000,3475000,0.46521079540252686,-0.5974769592285156,-0.39129015803337097
695,NC_000913.3,3475000,3480000,0.21733276546001434,-0.4665586054325104,-0.025839919224381447
696,NC_000913.3,3480000,3485000,0.15981464087963104,-0.408002644777298,0.01870906911790371
697,NC_000913.3,3485000,3490000,0.10172607004642487,-0.35475268959999084,-0.10582662373781204
698,NC_000913.3,3490000,3495000,0.4248710870742798,-0.6692559719085693,-0.18794508278369904
699,NC_000913.3,3495000,3500000,0.21350811421871185,-0.4505731165409088,-0.23062041401863098
700,NC_000913.3,3500000,3505000,0.1877010315656662,-0.3674924075603485,-0.550495982170105
701,NC_000913.3,3505000,3510000,0.037706226110458374,-0.3409011662006378,-0.3300043046474457
702,NC_000913.3,3510000,3515000,0.05231836438179016,-0.3616493046283722,-0.31157490611076355
703,NC_000913.3,3515000,3520000,0.19260333478450775,-0.45099225640296936,-0.24129590392112732
704,NC_000913.3,3520000,3525000,0.042927831411361694,-0.3062122166156769,-0.24676993489265442
705,NC_000913.3,3525000,3530000,0.3497805595397949,-0.5498595237731934,-0.13553479313850403
706,NC_000913.3,3530000,3535000,0.3227214217185974,-0.5031877756118774,-0.18572042882442474
707,NC_000913.3,3535000,3540000,0.28867214918136597,-0.4367929995059967,-0.031207406893372536
708,NC_000913.3,3540000,3545000,0.3282986879348755,-0.5170625448226929,-0.3261352479457855
709,NC_000913.3,3545000,3550000,0.45237886905670166,-0.5216149091720581,-0.12784600257873535
710,NC_000913.3,3550000,3555000,0.36142170429229736,-0.5069538354873657,-0.1836571842432022
711,NC_000913.3,3555000,3560000,0.4381915330886841,-0.5142972469329834,-0.0991862341761589
712,NC_000913.3,3560000,3565000,0.18983177840709686,-0.3467004597187042,-0.4432601034641266
713,NC_000913.3,3565000,3570000,0.34305238723754883,-0.5312021970748901,-0.04667072743177414
714,NC_000913.3,3570000,3575000,0.14206235110759735,-0.3740871846675873,-0.18079163134098053
715,NC_000913.3,3575000,3580000,0.20209045708179474,-0.29313912987709045,-0.2729733884334564
716,NC_000913.3,3580000,3585000,0.4942350387573242,-0.5858513116836548,-0.32873842120170593
717,NC_000913.3,3585000,3590000,0.15967942774295807,-0.2572101056575775,-0.14180809259414673
718,NC_000913.3,3590000,3595000,0.3939576745033264,-0.4679936468601227,-0.027611756697297096
719,NC_000913.3,3595000,3600000,0.38363099098205566,-0.37058010697364807,-0.054340921342372894
720,NC_000913.3,3600000,3605000,0.1762142926454544,-0.293352335691452,-0.02936076559126377
721,NC_000913.3,3605000,3610000,0.2873774766921997,-0.394843727350235,-0.42882058024406433
722,NC_000913.3,3610000,3615000,0.4455716013908386,-0.4454541504383087,-0.47160300612449646
723,NC_000913.3,3615000,3620000,0.14178888499736786,-0.25504353642463684,-0.5332345962524414
724,NC_000913.3,3620000,3625000,0.47919613122940063,-0.6783190965652466,-0.827269434928894
725,NC_000913.3,3625000,3630000,0.40023237466812134,-0.4477464258670807,-0.37277522683143616
726,NC_000913.3,3630000,3635000,0.33507227897644043,-0.37948909401893616,-0.5532666444778442
727,NC_000913.3,3635000,3640000,0.39856863021850586,-0.43367722630500793,-0.3475177586078644
728,NC_000913.3,3640000,3645000,0.17634247243404388,-0.30205872654914856,-0.43814292550086975
729,NC_000913.3,3645000,3650000,0.2069428414106369,-0.2217712700366974,-0.6681917905807495
730,NC_000913.3,3650000,3655000,0.35267555713653564,-0.39780667424201965,-0.7438594698905945
731,NC_000913.3,3655000,3660000,0.37019526958465576,-0.3233475983142853,-0.5843070149421692
732,NC_000913.3,3660000,3665000,0.2389829009771347,-0.25012364983558655,-0.63261479139328
733,NC_000913.3,3665000,3670000,0.5839663743972778,-0.46144333481788635,-0.5122237801551819
734,NC_000913.3,3670000,3675000,0.5040279626846313,-0.39541545510292053,-0.29443249106407166
735,NC_000913.3,3675000,3680000,0.49692022800445557,-0.36798515915870667,-0.23775359988212585
736,NC_000913.3,3680000,3685000,0.18393708765506744,-0.2619408667087555,-0.06779947131872177
737,NC_000913.3,3685000,3690000,0.1342713087797165,-0.13381817936897278,0.026835357770323753
738,NC_000913.3,3690000,3695000,0.09900267422199249,-0.10571345686912537,0.013309722766280174
739,NC_000913.3,3695000,3700000,0.5470151901245117,-0.3720763027667999,-0.15022900700569153
740,NC_000913.3,3700000,3705000,0.15132136642932892,-0.16754379868507385,-0.21236570179462433
741,NC_000913.3,3705000,3710000,0.24142073094844818,-0.2462068498134613,-0.06445934623479843
742,NC_000913.3,3710000,3715000,0.411456823348999,-0.35471251606941223,-0.09602867811918259
743,NC_000913.3,3715000,3720000,0.537559449672699,-0.36877062916755676,-0.07881718128919601
744,NC_000913.3,3720000,3725000,0.3299520015716553,-0.2709137499332428,-0.10313131660223007
745,NC_000913.3,3725000,3730000,0.31840354204177856,-0.29582729935646057,-0.49147477746009827
746,NC_000913.3,3730000,3735000,0.40029364824295044,-0.29894915223121643,-0.27644798159599304
747,NC_000913.3,3735000,3740000,0.2706671953201294,-0.20280411839485168,-0.29609593749046326
748,NC_000913.3,3740000,3745000,0.436251163482666,-0.32779034972190857,-0.4487152397632599
749,NC_000913.3,3745000,3750000,0.4067978858947754,-0.2783541977405548,0.019558822736144066
750,NC_000913.3,3750000,3755000,0.18707965314388275,-0.19149044156074524,-0.3978451192378998
751,NC_000913.3,3755000,3760000,0.13128571212291718,-0.14533963799476624,-0.29310110211372375
752,NC_000913.3,3760000,3765000,0.5790326595306396,-0.3311062157154083,-0.8305313587188721
753,NC_000913.3,3765000,3770000,0.4579135775566101,-0.25362733006477356,-0.6635172367095947
754,NC_000913.3,3770000,3775000,0.3142816424369812,-0.2607358992099762,-0.36923888325691223
755,NC_000913.3,3775000,3780000,0.1756191998720169,-0.09739872813224792,-0.05987044423818588
756,NC_000913.3,3780000,3785000,0.20545066893100739,-0.14241209626197815,-0.07374929636716843
757,NC_000913.3,3785000,3790000,0.2713227868080139,-0.14957323670387268,-0.06452163308858871
758,NC_000913.3,3790000,3795000,0.5408427119255066,-0.2995457947254181,-0.19044837355613708
759,NC_000913.3,3795000,3800000,0.5761649012565613,-0.3249637186527252,-0.330459862947464
760,NC_000913.3,3800000,3805000,0.3800625205039978,-0.13944360613822937,0.023474430665373802
761,NC_000913.3,3805000,3810000,0.3162137269973755,-0.1408596932888031,-0.4966253340244293
762,NC_000913.3,3810000,3815000,0.23629550635814667,-0.1403944194316864,-0.18117058277130127
763,NC_000913.3,3815000,3820000,0.3234502077102661,-0.11509719491004944,-0.3549295961856842
764,NC_000913.3,3820000,3825000,0.44814157485961914,-0.29387804865837097,-0.0136792603880167
765,NC_000913.3,3825000,3830000,0.28315645456314087,-0.06768929958343506,0.016887253150343895
766,NC_000913.3,3830000,3835000,0.31547272205352783,-0.18418321013450623,-0.1955731213092804
767,NC_000913.3,3835000,3840000,0.4657441973686218,-0.1858290731906891,-0.33230605721473694
768,NC_000913.3,3840000,3845000,0.4362689256668091,-0.2634371221065521,-0.3952852785587311
769,NC_000913.3,3845000,3850000,0.271797239780426,-0.04421612620353699,0.04239345341920853
770,NC_000913.3,3850000,3855000,0.24066995084285736,-0.07747611403465271,0.053906626999378204
771,NC_000913.3,3855000,3860000,0.5173804759979248,-0.20323863625526428,-0.054664574563503265
772,NC_000913.3,3860000,3865000,0.413590669631958,-0.1996784508228302,-0.27541419863700867
773,NC_000913.3,3865000,3870000,0.49669504165649414,-0.20086851716041565,-0.5107877850532532
774,NC_000913.3,3870000,3875000,0.6025550961494446,-0.25044360756874084,-0.22756943106651306
775,NC_000913.3,3875000,3880000,0.49048149585723877,-0.22701135277748108,-0.08879419416189194
776,NC_000913.3,3880000,3885000,0.5644586086273193,-0.20536759495735168,-0.1936531960964203
777,NC_000913.3,3885000,3890000,0.5901299715042114,-0.2290787398815155,-0.23990091681480408
778,NC_000913.3,3890000,3895000,0.6833816766738892,-0.20912548899650574,-0.22526326775550842
779,NC_000913.3,3895000,3900000,0.644980788230896,-0.20843008160591125,-0.35193130373954773
780,NC_000913.3,3900000,3905000,0.548214316368103,-0.22717586159706116,-0.4875675141811371
781,NC_000913.3,3905000,3910000,0.3549410104751587,-0.15334394574165344,-0.48978570103645325
782,NC_000913.3,3910000,3915000,0.5785170197486877,-0.11154225468635559,-0.13971087336540222
783,NC_000913.3,3915000,3920000,0.37552106380462646,-0.04916277527809143,-0.2910476624965668
784,NC_000913.3,3920000,3925000,0.5253853797912598,-0.16849234700202942,-0.3945603668689728
785,NC_000913.3,3925000,3930000,0.42888200283050537,-0.053866684436798096,-0.13525161147117615
786,NC_000913.3,3930000,3935000,0.48854541778564453,-0.05135732889175415,-0.47019848227500916
787,NC_000913.3,3935000,3940000,0.633305549621582,-0.12525591254234314,-0.2778495252132416
788,NC_000913.3,3940000,3945000,0.8189629316329956,-0.240940123796463,-0.6894551515579224
789,NC_000913.3,3945000,3950000,0.7576346397399902,-0.21719321608543396,-0.4961760938167572
790,NC_000913.3,3950000,3955000,0.3554728627204895,0.022551774978637695,0.005035674199461937
791,NC_000913.3,3955000,3960000,0.37779927253723145,-0.06563189625740051,0.017527258023619652
792,NC_000913.3,3960000,3965000,0.4829946756362915,-0.06313174962997437,-0.16064438223838806
793,NC_000913.3,3965000,3970000,0.4362720251083374,-0.11487457156181335,-0.1748889982700348
794,NC_000913.3,3970000,3975000,0.4859609603881836,-0.04839828610420227,-0.18469145894050598
795,NC_000913.3,3975000,3980000,0.6478056907653809,-0.09344497323036194,-0.30773237347602844
796,NC_000913.3,3980000,3985000,0.5779509544372559,-0.13609075546264648,-0.37414172291755676
797,NC_000913.3,3985000,3990000,0.5979451537132263,-0.05446323752403259,-0.207662433385849
798,NC_000913.3,3990000,3995000,0.6159951090812683,0.025787383317947388,-0.14951148629188538
799,NC_000913.3,3995000,4000000,0.5691599249839783,-0.0345054566860199,-0.13989225029945374
800,NC_000913.3,4000000,4005000,0.6422091126441956,-0.03909602761268616,-0.3130582869052887
801,NC_000913.3,4005000,4010000,0.4708285331726074,0.028611868619918823,-0.2544580399990082
802,NC_000913.3,4010000,4015000,0.523918628692627,0.055654376745224,-0.06009378284215927
803,NC_000913.3,4015000,4020000,0.5013251304626465,0.0056562721729278564,-0.0815015658736229
804,NC_000913.3,4020000,4025000,0.6373775005340576,-0.00936800241470337,-0.33923009037971497
805,NC_000913.3,4025000,4030000,0.6167130470275879,0.036826521158218384,-0.18061837553977966
806,NC_000913.3,4030000,4035000,0.5897951722145081,0.04793250560760498,-0.3910497725009918
807,NC_000913.3,4035000,4040000,3.6561105251312256,-0.7393330335617065,-3.1655659675598145
808,NC_000913.3,4040000,4045000,0.6144780516624451,-0.08474305272102356,-0.6311283707618713
809,NC_000913.3,4045000,4050000,0.5732519626617432,0.0032621026039123535,-0.3709873855113983
810,NC_000913.3,4050000,4055000,0.5572872757911682,0.14717289805412292,-0.13959375023841858
811,NC_000913.3,4055000,4060000,0.3097279667854309,-0.02167642116546631,-0.3279598653316498
812,NC_000913.3,4060000,4065000,0.46742749214172363,-0.07927295565605164,-0.5161079168319702
813,NC_000913.3,4065000,4070000,0.4521595239639282,0.008651882410049438,-0.613659679889679
814,NC_000913.3,4070000,4075000,0.21341760456562042,0.038654834032058716,-0.25140276551246643
815,NC_000913.3,4075000,4080000,0.5738760232925415,0.029507964849472046,-0.4849068224430084
816,NC_000913.3,4080000,4085000,0.27923232316970825,0.03498929738998413,-0.04824202507734299
817,NC_000913.3,4085000,4090000,0.5223988890647888,0.08264562487602234,-0.30185821652412415
818,NC_000913.3,4090000,4095000,0.3145174980163574,0.012136191129684448,-0.42726626992225647
819,NC_000913.3,4095000,4100000,0.374877393245697,0.12317849695682526,-0.12580832839012146
820,NC_000913.3,4100000,4105000,0.4553038477897644,0.2207489013671875,-0.10656722635030746
821,NC_000913.3,4105000,4110000,0.5249145030975342,0.17945575714111328,-0.23278817534446716
822,NC_000913.3,4110000,4115000,0.5939788818359375,0.12830570340156555,-0.3137247860431671
823,NC_000913.3,4115000,4120000,0.32241594791412354,0.08766359090805054,-0.13682714104652405
824,NC_000913.3,4120000,4125000,0.28981369733810425,0.08056995272636414,-0.04379596561193466
825,NC_000913.3,4125000,4130000,0.3622593283653259,0.16450119018554688,-0.09544786065816879
826,NC_000913.3,4130000,4135000,0.2912974953651428,0.12595385313034058,-0.08770032972097397
827,NC_000913.3,4135000,4140000,0.22845761477947235,0.08525574207305908,-0.21788284182548523
828,NC_000913.3,4140000,4145000,0.2011863738298416,0.07516852021217346,-0.09335824102163315
829,NC_000913.3,4145000,4150000,0.20897285640239716,0.05035969614982605,-0.2519454061985016
830,NC_000913.3,4150000,4155000,0.4071640372276306,0.24113450944423676,-0.1771596372127533
831,NC_000913.3,4155000,4160000,0.38475823402404785,0.20546981692314148,-0.20172664523124695
832,NC_000913.3,4160000,4165000,0.5388420224189758,0.17199528217315674,-0.4046630561351776
833,NC_000913.3,4165000,4170000,0.7257336378097534,0.07262387871742249,-0.9901132583618164
834,NC_000913.3,4170000,4175000,0.7031964063644409,0.04605013132095337,-0.6437559127807617
835,NC_000913.3,4175000,4180000,0.5689824819564819,0.19187910854816437,-0.2006562054157257
836,NC_000913.3,4180000,4185000,0.44411492347717285,0.17547672986984253,-0.27349814772605896
837,NC_000913.3,4185000,4190000,0.4725479483604431,0.27455273270606995,-0.2642785608768463
838,NC_000913.3,4190000,4195000,0.44132471084594727,0.23722337186336517,-0.336923211812973
839,NC_000913.3,4195000,4200000,0.4692322611808777,0.1782575100660324,-0.3957473337650299
840,NC_000913.3,4200000,4205000,0.32879960536956787,0.07834219932556152,-0.31952521204948425
841,NC_000913.3,4205000,4210000,0.5227257013320923,0.0035288631916046143,-0.8227014541625977
842,NC_000913.3,4210000,4215000,0.431510329246521,0.04363253712654114,-1.0549119710922241
843,NC_000913.3,4215000,4220000,0.5116478204727173,0.33592090010643005,-0.2545498311519623
844,NC_000913.3,4220000,4225000,0.3999179005622864,0.07341974973678589,-0.5367386341094971
845,NC_000913.3,4225000,4230000,0.2874535918235779,0.08372533321380615,-0.4535782039165497
846,NC_000913.3,4230000,4235000,0.36729758977890015,0.08579471707344055,-0.42518624663352966
847,NC_000913.3,4235000,4240000,0.494770884513855,0.13472513854503632,-0.5622974634170532
848,NC_000913.3,4240000,4245000,0.4874532222747803,0.10752768814563751,-0.7382287383079529
849,NC_000913.3,4245000,4250000,0.638512909412384,0.22690287232398987,-0.5400993824005127
850,NC_000913.3,4250000,4255000,0.5324003100395203,0.2584201991558075,-0.5138501524925232
851,NC_000913.3,4255000,4260000,0.4692164659500122,0.27746737003326416,-0.42182931303977966
852,NC_000913.3,4260000,4265000,0.34753918647766113,0.16862669587135315,-0.5450971722602844
853,NC_000913.3,4265000,4270000,0.30496078729629517,0.19237345457077026,-0.39428624510765076
854,NC_000913.3,4270000,4275000,0.2138303965330124,0.2063574492931366,-0.2999773919582367
855,NC_000913.3,4275000,4280000,0.10139678418636322,0.11759644746780396,-0.3466555178165436
856,NC_000913.3,4280000,4285000,0.14671866595745087,0.059157729148864746,-0.43066665530204773
857,NC_000913.3,4285000,4290000,0.21031813323497772,0.2981596291065216,-0.1525055468082428
858,NC_000913.3,4290000,4295000,0.11394818127155304,0.11254280805587769,-0.1518055498600006
859,NC_000913.3,4295000,4300000,0.20201517641544342,-0.010002464056015015,-0.717201292514801
860,NC_000913.3,4300000,4305000,0.14258502423763275,0.08055678009986877,-0.4594995677471161
861,NC_000913.3,4305000,4310000,0.38852179050445557,0.28437429666519165,-0.4221113622188568
862,NC_000913.3,4310000,4315000,0.22536875307559967,0.13278116285800934,-0.5973580479621887
863,NC_000913.3,4315000,4320000,0.0949874073266983,0.12873460352420807,-0.023601675406098366
864,NC_000913.3,4320000,4325000,0.19486694037914276,0.18509584665298462,-0.028594518080353737
865,NC_000913.3,4325000,4330000,0.3104380965232849,0.3775217831134796,-0.16363278031349182
866,NC_000913.3,4330000,4335000,0.33858245611190796,0.09538538753986359,-0.7096437811851501
867,NC_000913.3,4335000,4340000,0.3054783344268799,0.051067888736724854,-0.7657502889633179
868,NC_000913.3,4340000,4345000,0.5073455572128296,0.4426618814468384,-0.45304402709007263
869,NC_000913.3,4345000,4350000,0.4711846113204956,0.34941360354423523,-0.5932465195655823
870,NC_000913.3,4350000,4355000,0.2319447249174118,0.08556663990020752,-0.7758473753929138
871,NC_000913.3,4355000,4360000,0.22023515403270721,0.034056782722473145,-0.8120291829109192
872,NC_000913.3,4360000,4365000,0.3600972294807434,0.25891178846359253,-0.652401328086853
873,NC_000913.3,4365000,4370000,0.2759712338447571,0.22563309967517853,-0.6223452687263489
874,NC_000913.3,4370000,4375000,0.3549126386642456,0.3282683491706848,-0.5741366147994995
875,NC_000913.3,4375000,4380000,0.36356794834136963,0.37553372979164124,-0.5340811014175415
876,NC_000913.3,4380000,4385000,0.15780864655971527,0.1715874820947647,-0.5704019665718079
877,NC_000913.3,4385000,4390000,0.06573125720024109,0.04578295350074768,-0.5431397557258606
878,NC_000913.3,4390000,4395000,0.2829822301864624,0.3755955994129181,-0.2588954269886017
879,NC_000913.3,4395000,4400000,0.2674940228462219,0.38615381717681885,-0.31603696942329407
880,NC_000913.3,4400000,4405000,0.2094302624464035,0.3442847728729248,-0.4568219482898712
881,NC_000913.3,4405000,4410000,0.30300450325012207,0.337368905544281,-0.4388265311717987
882,NC_000913.3,4410000,4415000,0.27459925413131714,0.25940781831741333,-0.6370499730110168
883,NC_000913.3,4415000,4420000,0.20051012933254242,0.2661282420158386,-0.5234156847000122
884,NC_000913.3,4420000,4425000,0.3775545358657837,0.5270432233810425,-0.3750195801258087
885,NC_000913.3,4425000,4430000,0.29877954721450806,0.4461198151111603,-0.4502580463886261
886,NC_000913.3,4430000,4435000,0.10062052309513092,0.22142569720745087,-0.6984801888465881
887,NC_000913.3,4435000,4440000,0.3654317259788513,0.32738858461380005,-0.5784768462181091
888,NC_000913.3,4440000,4445000,0.3240894079208374,0.2761519253253937,-0.6083600521087646
889,NC_000913.3,4445000,4450000,0.30998116731643677,0.4694063663482666,-0.5087208151817322
890,NC_000913.3,4450000,4455000,0.0976407378911972,0.007114619016647339,-0.7470753192901611
891,NC_000913.3,4455000,4460000,0.10559456050395966,0.11349904537200928,-0.8054614067077637
892,NC_000913.3,4460000,4465000,0.24846236407756805,0.4128263592720032,-0.6295425891876221
893,NC_000913.3,4465000,4470000,0.19213412702083588,0.4036785960197449,-0.59111487865448
894,NC_000913.3,4470000,4475000,0.13261018693447113,0.4563755989074707,-0.6244526505470276
895,NC_000913.3,4475000,4480000,0.1836424618959427,0.5071393251419067,-0.6740533709526062
896,NC_000913.3,4480000,4485000,0.05229625105857849,0.28618502616882324,-0.3558941185474396
897,NC_000913.3,4485000,4490000,0.04878994822502136,0.11307179927825928,-0.5638527870178223
898,NC_000913.3,4490000,4495000,0.30126404762268066,0.5978864431381226,-0.5838107466697693
899,NC_000913.3,4495000,4500000,0.21630196273326874,0.33851680159568787,-0.8472601771354675
900,NC_000913.3,4500000,4505000,0.2078058272600174,0.4131956696510315,-0.29388949275016785
901,NC_000913.3,4505000,4510000,-0.009267285466194153,0.2323985993862152,-0.9456923007965088
902,NC_000913.3,4510000,4515000,0.05057606101036072,0.29350125789642334,-0.22500762343406677
903,NC_000913.3,4515000,4520000,0.009957313537597656,0.08788503706455231,-0.4220763146877289
904,NC_000913.3,4520000,4525000,0.202910915017128,0.4727124273777008,-0.3193468153476715
905,NC_000913.3,4525000,4530000,0.21296881139278412,0.566112220287323,-0.3765922486782074
906,NC_000913.3,4530000,4535000,0.23046188056468964,0.49600857496261597,-0.4791834056377411
907,NC_000913.3,4535000,4540000,0.0731639415025711,0.14147529006004333,-0.6721680760383606
908,NC_000913.3,4540000,4545000,0.10698269307613373,0.27273935079574585,-0.7935150861740112
909,NC_000913.3,4545000,4550000,0.09881849586963654,0.34205546975135803,-0.820600688457489
910,NC_000913.3,4550000,4555000,0.07656721770763397,0.23403137922286987,-0.17075559496879578
911,NC_000913.3,4555000,4560000,-0.043151214718818665,0.0854787528514862,-0.6234485507011414
912,NC_000913.3,4560000,4565000,0.03785558044910431,0.15762746334075928,-0.7934038043022156
913,NC_000913.3,4565000,4570000,-0.06920215487480164,0.08016207814216614,-0.7515653967857361
914,NC_000913.3,4570000,4575000,0.01799662411212921,0.3087134063243866,-0.7402765154838562
915,NC_000913.3,4575000,4580000,-0.031518012285232544,0.2373446822166443,-0.6764745116233826
916,NC_000913.3,4580000,4585000,-0.01973755657672882,0.32900410890579224,-0.4172365367412567
917,NC_000913.3,4585000,4590000,-0.11560056358575821,0.18370473384857178,-0.19638779759407043
918,NC_000913.3,4590000,4595000,-0.038788750767707825,0.1797638237476349,-0.5534225702285767
919,NC_000913.3,4595000,4600000,0.0009928196668624878,0.28185129165649414,-0.8417774438858032
920,NC_000913.3,4600000,4605000,-0.13986191153526306,0.11999878287315369,-0.8429568409919739
921,NC_000913.3,4605000,4610000,0.012842744588851929,0.2697049677371979,-0.44421640038490295
922,NC_000913.3,4610000,4615000,-0.07424044609069824,0.08425381779670715,-0.6549921035766602
923,NC_000913.3,4615000,4620000,0.019721612334251404,0.24296823143959045,-0.21773551404476166
924,NC_000913.3,4620000,4625000,-0.047853872179985046,0.16843977570533752,-0.22431501746177673
925,NC_000913.3,4625000,4630000,-0.09376631677150726,0.14730924367904663,-0.164394348859787
926,NC_000913.3,4630000,4635000,-0.1329939067363739,0.0835537314414978,-0.5053651928901672
927,NC_000913.3,4635000,4640000,0.10907451808452606,0.5550923347473145,-0.5756670832633972
928,NC_000913.3,4640000,4641652,0.023722946643829346,0.2840295732021332,-0.47080835700035095
