model,replicate,partition,pairs,log_distance_rmse,contact_log_pearson,contact_spearman,distance_adjusted_contact_pearson,within_distance_pearson
mds,1,train,301766,0.4632848957479649,0.9190158413657393,0.9419456606923028,0.41058436983295143,0.8310228295136652
mds,1,validation,64272,0.4661362321387521,0.9173964037799703,0.940504712497342,0.4058757916736936,0.8238719516670733
mds,1,test,64089,0.46142595387429125,0.9194910446492538,0.940466388032442,0.4099169520354273,0.8261624135784517
mds,2,train,301766,0.4626233868283721,0.916012315303317,0.9355175795064199,0.40997252219394964,0.83473656604986
mds,2,validation,64272,0.46550822059970676,0.9146929341046626,0.9341448131784933,0.405457148503559,0.8284177734155026
mds,2,test,64089,0.4606847750951233,0.9164184256507684,0.9340105296080385,0.409693452704495,0.8305643846674585
geometry_42,1,train,301766,0.2717121239865859,0.8703171665707446,0.8677430041743521,0.5591080072714248,0.6572410037343657
geometry_42,1,validation,64272,0.30998242740225207,0.8554781792634929,0.8648047026300549,0.5073319112179812,0.6391970389112758
geometry_42,1,test,64089,0.3096118383045084,0.8530911825491363,0.8635933970197038,0.5080045709509681,0.6378539398415506
geometry_42,2,train,301766,0.2707001059860467,0.8698279320122058,0.8668178850703838,0.5603151092557493,0.6639219938444891
geometry_42,2,validation,64272,0.3091385463659533,0.8550579962856936,0.8638988556909185,0.509215019678373,0.6460277126961902
geometry_42,2,test,64089,0.30865207832349634,0.8525798664528694,0.8625531732992177,0.5102010178666722,0.6450700538826604
geometry_43,1,train,301766,0.27388766712498014,0.8674564223057104,0.8665311647021183,0.5547404325240544,0.6543723469840397
geometry_43,1,validation,64272,0.3108363251213628,0.8534750225765213,0.863396875661219,0.5052276044300492,0.6369401186712759
geometry_43,1,test,64089,0.308594713296815,0.8515806537365871,0.8627971726931283,0.5063235934542495,0.6359968548949232
geometry_43,2,train,301766,0.2729702713023104,0.8668124851546122,0.8653274257963703,0.5555747462232462,0.660903608725319
geometry_43,2,validation,64272,0.31008233674111363,0.8528851004612186,0.8621314024307005,0.5066798062565567,0.6436286300246692
geometry_43,2,test,64089,0.30770778923780545,0.850924816364927,0.8615215407020016,0.5082007659176554,0.6432551224575838
geometry_44,1,train,301766,0.27220072986175625,0.8696970824303418,0.867578848431479,0.5583757744221071,0.6565195313969263
geometry_44,1,validation,64272,0.3106998019949605,0.8549348174603266,0.8645086585733666,0.5054608159493585,0.6380493846595359
geometry_44,1,test,64089,0.3091696804756173,0.8525037840259391,0.8631000203897105,0.5062079871984503,0.6358626923327966
geometry_44,2,train,301766,0.27119820399751354,0.869198117579425,0.8666199888912464,0.5595525714576643,0.6632744046549469
geometry_44,2,validation,64272,0.3098927463708023,0.8544371400318268,0.863494581522539,0.50719439820156,0.6447320533660016
geometry_44,2,test,64089,0.30822318703468005,0.8519761328341233,0.8620926367127529,0.5084411099642313,0.6432399422316468
graph_42,1,train,301766,0.2768143716726049,0.8625446511672228,0.8443376501700667,0.5430432854270743,0.6417442075474209
graph_42,1,validation,64272,0.3066720149147381,0.8513957858757635,0.8414295959177609,0.5037614163150084,0.6259166632297392
graph_42,1,test,64089,0.30712247498152884,0.8484433819042145,0.8390160958666425,0.49927160953332334,0.6224467961640392
graph_42,2,train,301766,0.27516773208930445,0.8634837946676248,0.8462486987728153,0.5483146838404064,0.6493599576894791
graph_42,2,validation,64272,0.3052371777901454,0.8522795758280434,0.8431984071666103,0.5091056913816557,0.6337040780331058
graph_42,2,test,64089,0.30561545569943166,0.8491708665765062,0.8406983972048365,0.504958051113047,0.6300710974522438
graph_43,1,train,301766,0.27937924683137505,0.8614666675607068,0.8411220372947867,0.5389540086979053,0.6378206823220582
graph_43,1,validation,64272,0.3077349840357885,0.8511333676341395,0.8387848860572132,0.5011743900675936,0.6209340301917702
graph_43,1,test,64089,0.30682868419549686,0.8502230627196116,0.8361186428139314,0.4994887379795985,0.6200241594392903
graph_43,2,train,301766,0.27751146576326985,0.8627823055772893,0.8436823320585575,0.545291072103593,0.6463591077836364
graph_43,2,validation,64272,0.30610841791555954,0.8523327763506304,0.8410676862395936,0.5074168948606296,0.629564923324478
graph_43,2,test,64089,0.30513908760318054,0.8512094265005672,0.838326336917249,0.5059175082870409,0.6283988417408055
graph_44,1,train,301766,0.2862147877912335,0.8636599550106007,0.8591021732345017,0.5501689364843779,0.6525071563859259
graph_44,1,validation,64272,0.3066742520876065,0.8564981263181932,0.8571190272089135,0.5193181983880657,0.6394102655704462
graph_44,1,test,64089,0.30788183849568135,0.8544119787678632,0.8551991982004393,0.5164792738031089,0.6382721538058405
graph_44,2,train,301766,0.2841791622502839,0.8654546583325815,0.862148496095378,0.5570109479778937,0.6625689389522699
graph_44,2,validation,64272,0.3047804833570825,0.8583507122014483,0.8601804066932858,0.5265985959729383,0.6504208376358619
graph_44,2,test,64089,0.30591389699583976,0.8560849261900427,0.8581993861270212,0.5239268891832851,0.648783459564428
