structure_id,type,label,group_id,split,center,start,end,max_window_start_bin,max_window_end_bin_exclusive,length_bp,coordinate_status,sample_id,replicate,local_mean_count,valid_fraction
OPCID_1,OPCID,0,0,train,54800.0,49660,59940,420,676,10280,provisional,WT_37C_rep1,1,15.131140960321137,0.988311767578125
OPCID_2,OPCID,0,0,train,90545.0,87820,93270,777,1033,5450,provisional,WT_37C_rep1,1,19.329874942102826,0.988311767578125
OPCID_3,OPCID,0,0,train,107560.0,106140,108980,947,1203,2840,provisional,WT_37C_rep1,1,22.644341516134013,0.988311767578125
OPCID_4,OPCID,0,0,train,125680.0,121910,129450,1128,1384,7540,provisional,WT_37C_rep1,1,22.778879110699396,0.988311767578125
OPCID_5,OPCID,0,0,train,183415.0,182460,184370,1706,1962,1910,provisional,WT_37C_rep1,1,16.789161648911534,0.988311767578125
OPCID_6,OPCID,0,0,train,193340.0,192730,193950,1805,2061,1220,provisional,WT_37C_rep1,1,20.34818588852864,0.988311767578125
OPCID_7,OPCID,0,0,train,196605.0,194470,198740,1838,2094,4270,provisional,WT_37C_rep1,1,19.896124749112243,0.988311767578125
OPCID_8,OPCID,0,0,train,200610.0,199310,201910,1878,2134,2600,provisional,WT_37C_rep1,1,19.362575266327003,0.988311767578125
OPCID_9,OPCID,0,1,test,246075.0,243140,249010,2332,2588,5870,provisional,WT_37C_rep1,1,13.500663924604074,0.942291259765625
OPCID_10,OPCID,0,27,train,323245.0,321350,325140,3104,3360,3790,provisional,WT_37C_rep1,1,15.506271568887708,0.919677734375
OPCID_11,OPCID,0,2,train,434265.0,426840,441690,4214,4470,14850,provisional,WT_37C_rep1,1,17.282322062683342,0.988311767578125
OPCID_12,OPCID,0,3,train,631360.0,629820,632900,6185,6441,3080,provisional,WT_37C_rep1,1,13.29773043075498,0.988311767578125
OPCID_13,OPCID,0,3,train,704010.0,699160,708860,6912,7168,9700,provisional,WT_37C_rep1,1,18.07043384282847,0.988311767578125
OPCID_14,OPCID,0,3,train,763935.0,762610,765260,7511,7767,2650,provisional,WT_37C_rep1,1,21.350779681951522,0.988311767578125
OPCID_15,OPCID,0,3,train,772910.0,771270,774550,7601,7857,3280,provisional,WT_37C_rep1,1,21.708476146364056,0.988311767578125
OPCID_16,OPCID,0,4,validation,936550.0,932320,940780,9237,9493,8460,provisional,WT_37C_rep1,1,17.066110853790335,0.988311767578125
OPCID_17,OPCID,0,4,validation,952765.0,950090,955440,9399,9655,5350,provisional,WT_37C_rep1,1,15.748432916473677,0.988311767578125
OPCID_18,OPCID,0,4,validation,962835.0,961460,964210,9500,9756,2750,provisional,WT_37C_rep1,1,17.26719160104987,0.988311767578125
OPCID_19,OPCID,0,33,train,1142785.0,1140560,1145010,11299,11555,4450,provisional,WT_37C_rep1,1,21.39326848849776,0.988311767578125
OPCID_20,OPCID,0,5,test,1188635.0,1186860,1190410,11758,12014,3550,provisional,WT_37C_rep1,1,14.365693994133085,0.988311767578125
OPCID_21,OPCID,0,5,test,1225115.0,1224080,1226150,12123,12379,2070,provisional,WT_37C_rep1,1,13.500540373629766,0.988311767578125
OPCID_22,OPCID,0,5,test,1249435.0,1247430,1251440,12366,12622,4010,provisional,WT_37C_rep1,1,15.937995985795894,0.988311767578125
OPCID_23,OPCID,0,6,validation,1303045.0,1295210,1310880,12902,13158,15670,provisional,WT_37C_rep1,1,28.577364424074137,0.912200927734375
OPCID_24,OPCID,0,6,validation,1339875.0,1337800,1341950,13270,13526,4150,provisional,WT_37C_rep1,1,15.234429519839432,0.988311767578125
OPCID_25,OPCID,0,6,validation,1353900.0,1350060,1357740,13411,13667,7680,provisional,WT_37C_rep1,1,12.502238690751891,0.988311767578125
OPCID_26,OPCID,0,35,train,1667485.0,1666390,1668580,16546,16802,2190,provisional,WT_37C_rep1,1,12.985579743708508,0.988311767578125
OPCID_27,OPCID,0,7,train,1700815.0,1695830,1705800,16880,17136,9970,provisional,WT_37C_rep1,1,13.370881580978848,0.988311767578125
OPCID_28,OPCID,0,8,test,1735455.0,1732990,1737920,17226,17482,4930,provisional,WT_37C_rep1,1,15.05653852092018,0.988311767578125
OPCID_29,OPCID,0,8,test,1744300.0,1741110,1747490,17315,17571,6380,provisional,WT_37C_rep1,1,14.902485718696928,0.988311767578125
OPCID_30,OPCID,0,8,test,1800875.0,1798820,1802930,17880,18136,4110,provisional,WT_37C_rep1,1,19.564489732901034,0.988311767578125
OPCID_31,OPCID,0,9,train,2143430.0,2139120,2147740,21306,21562,8620,provisional,WT_37C_rep1,1,14.192311255210745,0.988311767578125
OPCID_32,OPCID,0,9,train,2213470.0,2211940,2215000,22006,22262,3060,provisional,WT_37C_rep1,1,12.442087386135556,0.988311767578125
OPCID_33,OPCID,0,9,train,2261500.0,2259040,2263960,22487,22743,4920,provisional,WT_37C_rep1,1,16.488683032268025,0.988311767578125
OPCID_34,OPCID,0,10,train,2391205.0,2389410,2393000,23784,24040,3590,provisional,WT_37C_rep1,1,27.274787710359735,0.988311767578125
OPCID_35,OPCID,0,10,train,2395285.0,2393000,2397570,23824,24080,4570,provisional,WT_37C_rep1,1,32.045453141886675,0.988311767578125
OPCID_36,OPCID,0,11,train,2441140.0,2440390,2441890,24283,24539,1500,provisional,WT_37C_rep1,1,16.34293654469662,0.988311767578125
OPCID_37,OPCID,0,12,validation,2530925.0,2529590,2532260,25181,25437,2670,provisional,WT_37C_rep1,1,20.353249961401882,0.988311767578125
OPCID_38,OPCID,0,12,validation,2534700.0,2532990,2536410,25219,25475,3420,provisional,WT_37C_rep1,1,20.508723174309093,0.988311767578125
OPCID_39,OPCID,0,12,validation,2543875.0,2543000,2544750,25310,25566,1750,provisional,WT_37C_rep1,1,18.46512274201019,0.988311767578125
OPCID_40,OPCID,0,12,validation,2564415.0,2563220,2565610,25516,25772,2390,provisional,WT_37C_rep1,1,16.08114867994442,0.988311767578125
OPCID_41,OPCID,0,13,train,2640260.0,2637380,2643140,26274,26530,5760,provisional,WT_37C_rep1,1,17.40318048479234,0.988311767578125
OPCID_42,OPCID,0,13,train,2650405.0,2647290,2653520,26376,26632,6230,provisional,WT_37C_rep1,1,17.86447429365447,0.988311767578125
OPCID_43,OPCID,0,13,train,2662635.0,2661520,2663750,26498,26754,2230,provisional,WT_37C_rep1,1,14.71888219854871,0.988311767578125
OPCID_44,OPCID,0,13,train,2687760.0,2683840,2691680,26749,27005,7840,provisional,WT_37C_rep1,1,13.722680253203643,0.988311767578125
OPCID_45,OPCID,0,13,train,2709400.0,2708310,2710490,26966,27222,2180,provisional,WT_37C_rep1,1,15.795182955071793,0.988311767578125
OPCID_46,OPCID,0,14,train,2868480.0,2866350,2870610,28556,28812,4260,provisional,WT_37C_rep1,1,13.38737069631002,0.988311767578125
OPCID_47,OPCID,0,14,train,2919995.0,2917350,2922640,29071,29327,5290,provisional,WT_37C_rep1,1,21.543152694148525,0.988311767578125
OPCID_48,OPCID,0,14,train,2941115.0,2939250,2942980,29283,29539,3730,provisional,WT_37C_rep1,1,14.87710359734445,0.988311767578125
OPCID_49,OPCID,0,14,train,2966770.0,2964460,2969080,29539,29795,4620,provisional,WT_37C_rep1,1,15.428809634089857,0.988311767578125
OPCID_50,OPCID,0,14,train,3014260.0,3012260,3016260,30014,30270,4000,provisional,WT_37C_rep1,1,14.476702176933765,0.988311767578125
OPCID_51,OPCID,0,15,train,3041670.0,3040170,3043170,30288,30544,3000,provisional,WT_37C_rep1,1,22.41469816272966,0.988311767578125
OPCID_52,OPCID,0,15,train,3048625.0,3046160,3051090,30358,30614,4930,provisional,WT_37C_rep1,1,26.495352786784004,0.988311767578125
OPCID_53,OPCID,0,16,validation,3274080.0,3269380,3278780,32612,32868,9400,provisional,WT_37C_rep1,1,28.918357264165508,0.988311767578125
OPCID_54,OPCID,0,17,train,3380450.0,3375910,3384990,33676,33932,9080,provisional,WT_37C_rep1,1,16.578446811795583,0.988311767578125
OPCID_55,OPCID,0,18,test,3444155.0,3439610,3448700,34313,34569,9090,provisional,WT_37C_rep1,1,30.28241469816273,0.988311767578125
OPCID_56,OPCID,0,19,train,3550190.0,3547440,3552940,35373,35629,5500,provisional,WT_37C_rep1,1,30.69899644897329,0.988311767578125
OPCID_57,OPCID,0,19,train,3554600.0,3552940,3556260,35418,35674,3320,provisional,WT_37C_rep1,1,31.196541608769493,0.988311767578125
OPCID_58,OPCID,0,20,train,3640905.0,3638960,3642850,36281,36537,3890,provisional,WT_37C_rep1,1,20.28351473320945,0.919677734375
OPCID_59,OPCID,0,21,test,3737655.0,3735170,3740140,37248,37504,4970,provisional,WT_37C_rep1,1,17.90548093253049,0.988311767578125
OPCID_60,OPCID,0,44,train,3866740.0,3864340,3869140,38539,38795,4800,provisional,WT_37C_rep1,1,19.740280994287478,0.988311767578125
OPCID_61,OPCID,0,44,train,3919190.0,3911270,3927110,39063,39319,15840,provisional,WT_37C_rep1,1,23.549112243322526,0.988311767578125
OPCID_62,OPCID,0,22,train,3994520.0,3986190,4002850,39817,40073,16660,provisional,WT_37C_rep1,1,21.425474756831868,0.988311767578125
OPCID_63,OPCID,0,23,train,4021825.0,4015990,4027660,40090,40346,11670,provisional,WT_37C_rep1,1,23.021059132314342,0.988311767578125
OPCID_64,OPCID,0,24,test,4117900.0,4115250,4120550,41051,41307,5300,provisional,WT_37C_rep1,1,18.791909834800062,0.988311767578125
OPCID_65,OPCID,0,25,train,4256135.0,4252060,4260210,42433,42689,8150,provisional,WT_37C_rep1,1,33.7514898872935,0.988311767578125
OPCID_66,OPCID,0,25,train,4279295.0,4276470,4282120,42664,42920,5650,provisional,WT_37C_rep1,1,18.124038906901344,0.988311767578125
OPCID_67,OPCID,0,26,train,4484420.0,4480430,4488410,44716,44972,7980,provisional,WT_37C_rep1,1,16.436899799289794,0.988311767578125
OPCID_68,OPCID,0,26,train,4585100.0,4583060,4587140,45723,45979,4080,provisional,WT_37C_rep1,1,15.656847305851475,0.988311767578125
CHIN_1,CHIN,1,0,train,58840,58260,59420,460,716,1160,provisional,WT_37C_rep1,1,15.272317430909371,0.988311767578125
CHIN_2,CHIN,1,0,train,84660,83460,85860,718,974,2400,provisional,WT_37C_rep1,1,17.17347537440173,0.988311767578125
CHIN_3,CHIN,1,0,train,151330,150060,152600,1385,1641,2540,provisional,WT_37C_rep1,1,14.685903967886366,0.988311767578125
CHIN_4,CHIN,1,0,train,151800,150060,153540,1390,1646,3480,provisional,WT_37C_rep1,1,14.7222170758067,0.988311767578125
CHIN_5,CHIN,1,0,train,152340,150060,154620,1395,1651,4560,provisional,WT_37C_rep1,1,14.735309556893624,0.988311767578125
CHIN_6,CHIN,1,0,train,154620,153540,155700,1418,1674,2160,provisional,WT_37C_rep1,1,15.003396634244249,0.988311767578125
CHIN_7,CHIN,1,0,train,156730,156170,157290,1439,1695,1120,provisional,WT_37C_rep1,1,14.77736606453605,0.988311767578125
CHIN_8,CHIN,1,0,train,180380,179740,181020,1675,1931,1280,provisional,WT_37C_rep1,1,15.842303535587464,0.988311767578125
CHIN_9,CHIN,1,1,test,237970,237000,238940,2251,2507,1940,provisional,WT_37C_rep1,1,13.57797181372549,0.796875
CHIN_10,CHIN,1,1,test,253060,252280,253840,2402,2658,1560,provisional,WT_37C_rep1,1,13.644589824140946,0.942291259765625
CHIN_11,CHIN,1,1,test,256400,252280,260520,2436,2692,8240,provisional,WT_37C_rep1,1,13.66635359652816,0.942291259765625
CHIN_12,CHIN,1,1,test,259590,258700,260480,2467,2723,1780,provisional,WT_37C_rep1,1,13.36644493210808,0.8900146484375
CHIN_13,CHIN,1,1,test,262940,262320,263560,2501,2757,1240,provisional,WT_37C_rep1,1,13.675532701982835,0.824951171875
CHIN_14,CHIN,1,27,train,293940,292430,295450,2811,3067,3020,provisional,WT_37C_rep1,1,13.531517059692861,0.94989013671875
CHIN_15,CHIN,1,27,train,295670,294940,296400,2828,3084,1460,provisional,WT_37C_rep1,1,13.414123241020368,0.94989013671875
CHIN_16,CHIN,1,27,train,297230,296440,298020,2844,3100,1580,provisional,WT_37C_rep1,1,13.004176572640237,0.94989013671875
CHIN_17,CHIN,1,27,train,303370,302620,304120,2905,3161,1500,provisional,WT_37C_rep1,1,12.474459257243913,0.8973388671875
CHIN_18,CHIN,1,27,train,313510,312500,314520,3007,3263,2020,provisional,WT_37C_rep1,1,15.471197239182374,0.919677734375
CHIN_19,CHIN,1,27,train,319130,318290,319970,3063,3319,1680,provisional,WT_37C_rep1,1,15.817527209981417,0.919677734375
CHIN_20,CHIN,1,27,train,336060,335190,336930,3232,3488,1740,provisional,WT_37C_rep1,1,12.669476609541455,0.988311767578125
CHIN_21,CHIN,1,27,train,344510,343740,345280,3317,3573,1540,provisional,WT_37C_rep1,1,11.58067006330091,0.988311767578125
CHIN_22,CHIN,1,2,train,432280,431650,432910,4194,4450,1260,provisional,WT_37C_rep1,1,17.298872935000773,0.988311767578125
CHIN_23,CHIN,1,28,train,480640,479730,481550,4678,4934,1820,provisional,WT_37C_rep1,1,14.867037208584222,0.988311767578125
CHIN_24,CHIN,1,29,train,516310,515700,516920,5035,5291,1220,provisional,WT_37C_rep1,1,13.15441914693785,0.942291259765625
CHIN_25,CHIN,1,29,train,528090,526710,529470,5152,5408,2760,provisional,WT_37C_rep1,1,12.012760307024646,0.942291259765625
CHIN_26,CHIN,1,29,train,537030,535810,538250,5242,5498,2440,provisional,WT_37C_rep1,1,10.757683712795933,0.942291259765625
CHIN_27,CHIN,1,29,train,538330,537490,539170,5255,5511,1680,provisional,WT_37C_rep1,1,10.643326748064903,0.942291259765625
CHIN_28,CHIN,1,29,train,545940,545170,546710,5331,5587,1540,provisional,WT_37C_rep1,1,11.32431681333951,0.988311767578125
CHIN_29,CHIN,1,29,train,559250,558190,560310,5464,5720,2120,provisional,WT_37C_rep1,1,11.614265163427119,0.912200927734375
CHIN_30,CHIN,1,29,train,559700,558190,561210,5469,5725,3020,provisional,WT_37C_rep1,1,11.607373456893379,0.912200927734375
CHIN_31,CHIN,1,29,train,563390,562020,564760,5505,5761,2740,provisional,WT_37C_rep1,1,11.770157219097072,0.8463134765625
CHIN_32,CHIN,1,29,train,566470,563970,568970,5536,5792,5000,provisional,WT_37C_rep1,1,11.492499639405741,0.8463134765625
CHIN_33,CHIN,1,29,train,569490,568090,570890,5566,5822,2800,provisional,WT_37C_rep1,1,10.661438049906245,0.8463134765625
CHIN_34,CHIN,1,29,train,570950,569420,572480,5581,5837,3060,provisional,WT_37C_rep1,1,10.441223135727679,0.8463134765625
CHIN_35,CHIN,1,29,train,571570,570750,572390,5587,5843,1640,provisional,WT_37C_rep1,1,10.343898745131977,0.8463134765625
CHIN_36,CHIN,1,29,train,584340,582900,585780,5715,5971,2880,provisional,WT_37C_rep1,1,10.060558800106186,0.919677734375
CHIN_37,CHIN,1,3,train,618620,617720,619520,6058,6314,1800,provisional,WT_37C_rep1,1,11.870931049479777,0.912200927734375
CHIN_38,CHIN,1,3,train,637220,636260,638180,6244,6500,1920,provisional,WT_37C_rep1,1,13.787710359734445,0.988311767578125
CHIN_39,CHIN,1,3,train,656290,655540,657040,6434,6690,1500,provisional,WT_37C_rep1,1,13.06577119036591,0.988311767578125
CHIN_40,CHIN,1,3,train,661540,660590,662490,6487,6743,1900,provisional,WT_37C_rep1,1,13.827389223405898,0.988311767578125
CHIN_41,CHIN,1,3,train,676920,676260,677580,6641,6897,1320,provisional,WT_37C_rep1,1,13.465423413857181,0.919677734375
CHIN_42,CHIN,1,3,train,678270,676260,680280,6654,6910,4020,provisional,WT_37C_rep1,1,13.341717547119725,0.919677734375
CHIN_43,CHIN,1,3,train,716370,715620,717120,7035,7291,1500,provisional,WT_37C_rep1,1,14.911162575266326,0.988311767578125
CHIN_44,CHIN,1,3,train,720720,720100,721340,7079,7335,1240,provisional,WT_37C_rep1,1,12.707938388625593,0.92724609375
CHIN_45,CHIN,1,3,train,734700,732990,736410,7219,7475,3420,provisional,WT_37C_rep1,1,9.744152095291815,0.919769287109375
CHIN_46,CHIN,1,3,train,737380,735680,739080,7245,7501,3400,provisional,WT_37C_rep1,1,9.417631640067686,0.919769287109375
CHIN_47,CHIN,1,3,train,748820,748180,749460,7360,7616,1280,provisional,WT_37C_rep1,1,12.246688281611858,0.988311767578125
CHIN_48,CHIN,1,3,train,752470,751750,753190,7396,7652,1440,provisional,WT_37C_rep1,1,14.571622664813956,0.988311767578125
CHIN_49,CHIN,1,30,train,801100,799970,802230,7883,8139,2260,provisional,WT_37C_rep1,1,12.108198239925892,0.988311767578125
CHIN_50,CHIN,1,30,train,821020,820280,821760,8082,8338,1480,provisional,WT_37C_rep1,1,13.62853172765169,0.988311767578125
CHIN_51,CHIN,1,31,train,874680,872520,876840,8618,8874,4320,provisional,WT_37C_rep1,1,12.086552416242087,0.988311767578125
CHIN_52,CHIN,1,32,test,998190,997460,998920,9853,10109,1460,provisional,WT_37C_rep1,1,13.660305697081983,0.988311767578125
CHIN_53,CHIN,1,32,test,999020,998130,999910,9862,10118,1780,provisional,WT_37C_rep1,1,13.151057588389687,0.988311767578125
CHIN_54,CHIN,1,33,train,1050110,1049000,1051220,10373,10629,2220,provisional,WT_37C_rep1,1,11.332451555328914,0.95751953125
CHIN_55,CHIN,1,33,train,1051660,1050610,1052710,10388,10644,2100,provisional,WT_37C_rep1,1,11.413628250892401,0.95751953125
CHIN_56,CHIN,1,33,train,1064940,1064050,1065830,10521,10777,1780,provisional,WT_37C_rep1,1,11.809140033966342,0.988311767578125
CHIN_57,CHIN,1,33,train,1087640,1086240,1089040,10748,11004,2800,provisional,WT_37C_rep1,1,11.101207277673865,0.897369384765625
CHIN_58,CHIN,1,33,train,1088450,1087590,1089310,10756,11012,1720,provisional,WT_37C_rep1,1,11.189729637816697,0.897369384765625
CHIN_59,CHIN,1,33,train,1090080,1086240,1093920,10772,11028,7680,provisional,WT_37C_rep1,1,11.109573201836422,0.897369384765625
CHIN_60,CHIN,1,33,train,1092530,1090720,1094340,10797,11053,3620,provisional,WT_37C_rep1,1,11.312089780649549,0.897369384765625
CHIN_61,CHIN,1,33,train,1094720,1092650,1096790,10819,11075,4140,provisional,WT_37C_rep1,1,11.408603978915151,0.897369384765625
CHIN_62,CHIN,1,33,train,1102680,1101500,1103860,10898,11154,2360,provisional,WT_37C_rep1,1,12.442747832001361,0.897369384765625
CHIN_63,CHIN,1,33,train,1104700,1103980,1105420,10919,11175,1440,provisional,WT_37C_rep1,1,12.651793912599897,0.897369384765625
CHIN_64,CHIN,1,33,train,1118630,1117780,1119480,11058,11314,1700,provisional,WT_37C_rep1,1,13.75077968195152,0.988311767578125
CHIN_65,CHIN,1,33,train,1120190,1118940,1121440,11073,11329,2500,provisional,WT_37C_rep1,1,14.042643199011888,0.988311767578125
CHIN_66,CHIN,1,5,test,1181130,1180270,1181990,11683,11939,1720,provisional,WT_37C_rep1,1,14.189810097267253,0.988311767578125
CHIN_67,CHIN,1,5,test,1198500,1196620,1200380,11857,12113,3760,provisional,WT_37C_rep1,1,13.689300602130617,0.988311767578125
CHIN_68,CHIN,1,5,test,1198940,1197850,1200030,11861,12117,2180,provisional,WT_37C_rep1,1,13.640450825999691,0.988311767578125
CHIN_69,CHIN,1,5,test,1202600,1201850,1203350,11898,12154,1500,provisional,WT_37C_rep1,1,12.923668364983788,0.988311767578125
CHIN_70,CHIN,1,5,test,1211390,1209910,1212870,11985,12241,2960,provisional,WT_37C_rep1,1,12.377582213987957,0.988311767578125
CHIN_71,CHIN,1,5,test,1215720,1214260,1217180,12029,12285,2920,provisional,WT_37C_rep1,1,12.895815964180947,0.988311767578125
CHIN_72,CHIN,1,5,test,1217410,1215940,1218880,12046,12302,2940,provisional,WT_37C_rep1,1,12.905974988420565,0.988311767578125
CHIN_73,CHIN,1,5,test,1218490,1215940,1221040,12056,12312,5100,provisional,WT_37C_rep1,1,12.825629149297514,0.988311767578125
CHIN_74,CHIN,1,5,test,1219170,1217950,1220390,12063,12319,2440,provisional,WT_37C_rep1,1,12.869229581596418,0.988311767578125
CHIN_75,CHIN,1,5,test,1220140,1219500,1220780,12073,12329,1280,provisional,WT_37C_rep1,1,12.87166898255365,0.988311767578125
CHIN_76,CHIN,1,5,test,1229860,1228980,1230740,12170,12426,1760,provisional,WT_37C_rep1,1,13.661355565848387,0.988311767578125
CHIN_77,CHIN,1,6,validation,1315530,1314540,1316520,13027,13283,1980,provisional,WT_37C_rep1,1,17.323977149915084,0.988311767578125
CHIN_78,CHIN,1,6,validation,1371090,1369780,1372400,13582,13838,2620,provisional,WT_37C_rep1,1,11.559333024548401,0.988311767578125
CHIN_79,CHIN,1,6,validation,1382580,1381410,1383750,13697,13953,2340,provisional,WT_37C_rep1,1,12.10897020225413,0.988311767578125
CHIN_80,CHIN,1,6,validation,1395060,1393890,1396230,13822,14078,2340,provisional,WT_37C_rep1,1,13.955236262277674,0.919677734375
CHIN_81,CHIN,1,6,validation,1411910,1411210,1412610,13991,14247,1400,provisional,WT_37C_rep1,1,11.880191446657403,0.988311767578125
CHIN_82,CHIN,1,6,validation,1413340,1412520,1414160,14005,14261,1640,provisional,WT_37C_rep1,1,11.52027173073954,0.988311767578125
CHIN_83,CHIN,1,6,validation,1418360,1417480,1419240,14055,14311,1760,provisional,WT_37C_rep1,1,11.74096032113633,0.988311767578125
CHIN_84,CHIN,1,6,validation,1420000,1419250,1420750,14072,14328,1500,provisional,WT_37C_rep1,1,11.741708034274513,0.965179443359375
CHIN_85,CHIN,1,34,train,1476340,1475330,1477350,14635,14891,2020,provisional,WT_37C_rep1,1,11.345266478377289,0.832000732421875
CHIN_86,CHIN,1,34,train,1477500,1475330,1479670,14647,14903,4340,provisional,WT_37C_rep1,1,11.577485969995966,0.832000732421875
CHIN_87,CHIN,1,35,train,1520650,1519960,1521340,15078,15334,1380,provisional,WT_37C_rep1,1,10.4490721248826,0.942291259765625
CHIN_88,CHIN,1,35,train,1528670,1526710,1530630,15158,15414,3920,provisional,WT_37C_rep1,1,10.432457816497717,0.942291259765625
CHIN_89,CHIN,1,35,train,1531080,1529440,1532720,15182,15438,3280,provisional,WT_37C_rep1,1,10.213783722511902,0.942291259765625
CHIN_90,CHIN,1,35,train,1566940,1566010,1567870,15541,15797,1860,provisional,WT_37C_rep1,1,9.214854717597127,0.93475341796875
CHIN_91,CHIN,1,35,train,1576120,1575090,1577150,15633,15889,2060,provisional,WT_37C_rep1,1,9.673783872020895,0.93475341796875
CHIN_92,CHIN,1,35,train,1579440,1577970,1580910,15666,15922,2940,provisional,WT_37C_rep1,1,9.860790075089781,0.93475341796875
CHIN_93,CHIN,1,35,train,1582740,1581250,1584230,15699,15955,2980,provisional,WT_37C_rep1,1,9.868821416911524,0.93475341796875
CHIN_94,CHIN,1,35,train,1588270,1586080,1590460,15754,16010,4380,provisional,WT_37C_rep1,1,10.071514590088004,0.988311767578125
CHIN_95,CHIN,1,35,train,1597450,1596300,1598600,15846,16102,2300,provisional,WT_37C_rep1,1,9.841438937779836,0.988311767578125
CHIN_96,CHIN,1,35,train,1616220,1615310,1617130,16034,16290,1820,provisional,WT_37C_rep1,1,10.198425196850394,0.988311767578125
CHIN_97,CHIN,1,35,train,1631780,1630880,1632680,16189,16445,1800,provisional,WT_37C_rep1,1,9.816351107245602,0.91229248046875
CHIN_98,CHIN,1,35,train,1638030,1636990,1639070,16252,16508,2080,provisional,WT_37C_rep1,1,10.607111795009033,0.91229248046875
CHIN_99,CHIN,1,35,train,1648130,1646300,1649960,16353,16609,3660,provisional,WT_37C_rep1,1,10.461116777154514,0.95751953125
CHIN_100,CHIN,1,8,test,1754330,1753290,1755370,17415,17671,2080,provisional,WT_37C_rep1,1,13.41926817971283,0.988311767578125
CHIN_101,CHIN,1,8,test,1772920,1771840,1774000,17601,17857,2160,provisional,WT_37C_rep1,1,11.346919870310328,0.988311767578125
CHIN_102,CHIN,1,8,test,1776220,1775480,1776960,17634,17890,1480,provisional,WT_37C_rep1,1,11.735865369769956,0.988311767578125
CHIN_103,CHIN,1,8,test,1803960,1802700,1805220,17911,18167,2520,provisional,WT_37C_rep1,1,19.266882816118574,0.988311767578125
CHIN_104,CHIN,1,36,train,1844500,1843870,1845130,18317,18573,1260,provisional,WT_37C_rep1,1,13.307457156090782,0.988311767578125
CHIN_105,CHIN,1,36,train,1853600,1852690,1854510,18408,18664,1820,provisional,WT_37C_rep1,1,14.455766558591941,0.988311767578125
CHIN_106,CHIN,1,36,train,1857300,1856500,1858100,18445,18701,1600,provisional,WT_37C_rep1,1,14.581194997684113,0.988311767578125
CHIN_107,CHIN,1,36,train,1870970,1869840,1872100,18581,18837,2260,provisional,WT_37C_rep1,1,13.642272657094335,0.988311767578125
CHIN_108,CHIN,1,36,train,1871900,1869840,1873960,18591,18847,4120,provisional,WT_37C_rep1,1,13.682846997066543,0.988311767578125
CHIN_109,CHIN,1,37,train,2011690,2010930,2012450,19988,20244,1520,provisional,WT_37C_rep1,1,13.351273737841593,0.988311767578125
CHIN_110,CHIN,1,37,train,2024070,2023320,2024820,20112,20368,1500,provisional,WT_37C_rep1,1,12.723884514435696,0.988311767578125
CHIN_111,CHIN,1,37,train,2036560,2035550,2037570,20237,20493,2020,provisional,WT_37C_rep1,1,12.333425968812723,0.988311767578125
CHIN_112,CHIN,1,37,train,2052880,2052200,2053560,20400,20656,1360,provisional,WT_37C_rep1,1,12.767299675775822,0.988311767578125
CHIN_113,CHIN,1,37,train,2057090,2056360,2057820,20442,20698,1460,provisional,WT_37C_rep1,1,12.224009052256207,0.8900146484375
CHIN_114,CHIN,1,9,train,2103680,2102940,2104420,20908,21164,1480,provisional,WT_37C_rep1,1,16.591983010353065,0.919677734375
CHIN_115,CHIN,1,9,train,2104430,2102940,2105920,20916,21172,2980,provisional,WT_37C_rep1,1,16.49538757632068,0.919677734375
CHIN_116,CHIN,1,9,train,2104690,2102940,2106440,20918,21174,3500,provisional,WT_37C_rep1,1,16.45516989646934,0.919677734375
CHIN_117,CHIN,1,9,train,2105690,2103970,2107410,20928,21184,3440,provisional,WT_37C_rep1,1,16.415582691797187,0.919677734375
CHIN_118,CHIN,1,9,train,2106520,2105150,2107890,20937,21193,2740,provisional,WT_37C_rep1,1,16.297849747809927,0.919677734375
CHIN_119,CHIN,1,9,train,2106930,2105150,2108710,20941,21197,3560,provisional,WT_37C_rep1,1,16.263671356517122,0.919677734375
CHIN_120,CHIN,1,9,train,2107810,2106480,2109140,20950,21206,2660,provisional,WT_37C_rep1,1,16.097790018582426,0.919677734375
CHIN_121,CHIN,1,9,train,2109850,2108740,2110960,20970,21226,2220,provisional,WT_37C_rep1,1,15.846064507565702,0.919677734375
CHIN_122,CHIN,1,9,train,2114690,2114070,2115310,21018,21274,1240,provisional,WT_37C_rep1,1,14.679751791876825,0.919677734375
CHIN_123,CHIN,1,9,train,2129530,2128380,2130680,21167,21423,2300,provisional,WT_37C_rep1,1,12.711471360197622,0.988311767578125
CHIN_124,CHIN,1,9,train,2168950,2167780,2170120,21561,21817,2340,provisional,WT_37C_rep1,1,15.930748385801746,0.912200927734375
CHIN_125,CHIN,1,9,train,2171360,2169510,2173210,21585,21841,3700,provisional,WT_37C_rep1,1,15.896189488474791,0.912200927734375
CHIN_126,CHIN,1,9,train,2173660,2172240,2175080,21608,21864,2840,provisional,WT_37C_rep1,1,15.956742832290656,0.912200927734375
CHIN_127,CHIN,1,9,train,2179170,2178150,2180190,21663,21919,2040,provisional,WT_37C_rep1,1,16.33729216152019,0.912200927734375
CHIN_128,CHIN,1,9,train,2188070,2187330,2188810,21752,22008,1480,provisional,WT_37C_rep1,1,15.83591168750965,0.988311767578125
CHIN_129,CHIN,1,9,train,2188940,2188010,2189870,21761,22017,1860,provisional,WT_37C_rep1,1,14.404940558900726,0.988311767578125
CHIN_130,CHIN,1,9,train,2190070,2187330,2192810,21772,22028,5480,provisional,WT_37C_rep1,1,12.403427512737379,0.988311767578125
CHIN_131,CHIN,1,9,train,2191390,2190110,2192670,21785,22041,2560,provisional,WT_37C_rep1,1,12.06246719160105,0.988311767578125
CHIN_132,CHIN,1,9,train,2233620,2233020,2234220,22208,22464,1200,provisional,WT_37C_rep1,1,13.369399413308631,0.988311767578125
CHIN_133,CHIN,1,9,train,2238520,2237570,2239470,22257,22513,1900,provisional,WT_37C_rep1,1,13.378940867685657,0.988311767578125
CHIN_134,CHIN,1,9,train,2255470,2254830,2256110,22426,22682,1280,provisional,WT_37C_rep1,1,14.72552107457156,0.988311767578125
CHIN_135,CHIN,1,9,train,2258650,2257770,2259530,22458,22714,1760,provisional,WT_37C_rep1,1,15.77545159796202,0.988311767578125
CHIN_136,CHIN,1,38,train,2344010,2343360,2344660,23312,23568,1300,provisional,WT_37C_rep1,1,12.598981009726725,0.988311767578125
CHIN_137,CHIN,1,10,train,2384140,2383080,2385200,23713,23969,2120,provisional,WT_37C_rep1,1,19.167145283310173,0.988311767578125
CHIN_138,CHIN,1,10,train,2386390,2385750,2387030,23735,23991,1280,provisional,WT_37C_rep1,1,21.567670217693376,0.988311767578125
CHIN_139,CHIN,1,10,train,2387300,2385750,2388850,23745,24001,3100,provisional,WT_37C_rep1,1,22.505388297051105,0.988311767578125
CHIN_140,CHIN,1,11,train,2455490,2454600,2456380,24426,24682,1780,provisional,WT_37C_rep1,1,12.690659255828315,0.988311767578125
CHIN_141,CHIN,1,11,train,2463480,2462580,2464380,24506,24762,1800,provisional,WT_37C_rep1,1,12.02062683341053,0.988311767578125
CHIN_142,CHIN,1,11,train,2482340,2480930,2483750,24695,24951,2820,provisional,WT_37C_rep1,1,12.222510421491432,0.988311767578125
CHIN_143,CHIN,1,11,train,2483880,2480930,2486830,24710,24966,5900,provisional,WT_37C_rep1,1,12.419638721630385,0.988311767578125
CHIN_144,CHIN,1,11,train,2484510,2482490,2486530,24717,24973,4040,provisional,WT_37C_rep1,1,12.388513200555813,0.988311767578125
CHIN_145,CHIN,1,11,train,2486740,2485190,2488290,24739,24995,3100,provisional,WT_37C_rep1,1,12.398116411919098,0.988311767578125
CHIN_146,CHIN,1,11,train,2489490,2488280,2490700,24766,25022,2420,provisional,WT_37C_rep1,1,12.61000463177397,0.988311767578125
CHIN_147,CHIN,1,11,train,2492890,2491890,2493890,24800,25056,2000,provisional,WT_37C_rep1,1,13.017230199166281,0.988311767578125
CHIN_148,CHIN,1,13,train,2629410,2628290,2630530,26166,26422,2240,provisional,WT_37C_rep1,1,15.234151613401266,0.988311767578125
CHIN_149,CHIN,1,13,train,2653750,2653160,2654340,26409,26665,1180,provisional,WT_37C_rep1,1,17.060182183109465,0.988311767578125
CHIN_150,CHIN,1,13,train,2700290,2699740,2700840,26874,27130,1100,provisional,WT_37C_rep1,1,14.907735062528948,0.988311767578125
CHIN_151,CHIN,1,39,validation,2758590,2757510,2759670,27457,27713,2160,provisional,WT_37C_rep1,1,15.935433070866141,0.988311767578125
CHIN_152,CHIN,1,39,validation,2759520,2757510,2761530,27467,27723,4020,provisional,WT_37C_rep1,1,15.307271885132005,0.988311767578125
CHIN_153,CHIN,1,39,validation,2774270,2773010,2775530,27614,27870,2520,provisional,WT_37C_rep1,1,11.565848386598734,0.988311767578125
CHIN_154,CHIN,1,39,validation,2783470,2781040,2785900,27706,27962,4860,provisional,WT_37C_rep1,1,11.377396943029181,0.988311767578125
CHIN_155,CHIN,1,39,validation,2785360,2784290,2786430,27725,27981,2140,provisional,WT_37C_rep1,1,11.371900571252123,0.988311767578125
CHIN_156,CHIN,1,39,validation,2786760,2784290,2789230,27739,27995,4940,provisional,WT_37C_rep1,1,11.532561371005094,0.988311767578125
CHIN_157,CHIN,1,39,validation,2788030,2787400,2788660,27752,28008,1260,provisional,WT_37C_rep1,1,11.739972209356184,0.988311767578125
CHIN_158,CHIN,1,39,validation,2798070,2797390,2798750,27852,28108,1360,provisional,WT_37C_rep1,1,12.904554577736606,0.988311767578125
CHIN_159,CHIN,1,39,validation,2805050,2804290,2805810,27922,28178,1520,provisional,WT_37C_rep1,1,13.738675312644743,0.988311767578125
CHIN_160,CHIN,1,14,train,2883680,2882580,2884780,28708,28964,2200,provisional,WT_37C_rep1,1,11.62257217847769,0.988311767578125
CHIN_161,CHIN,1,14,train,2900070,2899270,2900870,28872,29128,1600,provisional,WT_37C_rep1,1,14.380978848232207,0.988311767578125
CHIN_162,CHIN,1,14,train,2904980,2903620,2906340,28921,29177,2720,provisional,WT_37C_rep1,1,15.33151150223869,0.988311767578125
CHIN_163,CHIN,1,14,train,2934180,2933470,2934890,29213,29469,1420,provisional,WT_37C_rep1,1,17.09451906746951,0.988311767578125
CHIN_164,CHIN,1,14,train,2987170,2986330,2988010,29743,29999,1680,provisional,WT_37C_rep1,1,12.971396072396374,0.912200927734375
CHIN_165,CHIN,1,14,train,2988580,2986330,2990830,29757,30013,4500,provisional,WT_37C_rep1,1,12.833127028202469,0.912200927734375
CHIN_166,CHIN,1,14,train,2991880,2986330,2997430,29790,30046,11100,provisional,WT_37C_rep1,1,13.045231005988425,0.912200927734375
CHIN_167,CHIN,1,14,train,2995020,2993620,2996420,29822,30078,2800,provisional,WT_37C_rep1,1,13.669532635241376,0.912200927734375
CHIN_168,CHIN,1,14,train,2997100,2995130,2999070,29843,30099,3940,provisional,WT_37C_rep1,1,13.969087685256431,0.912200927734375
CHIN_169,CHIN,1,15,train,3054480,3053730,3055230,30416,30672,1500,provisional,WT_37C_rep1,1,24.589408676856568,0.988311767578125
CHIN_170,CHIN,1,15,train,3078170,3076900,3079440,30653,30909,2540,provisional,WT_37C_rep1,1,17.699922803767176,0.988311767578125
CHIN_171,CHIN,1,40,validation,3186720,3185610,3187830,31739,31995,2220,provisional,WT_37C_rep1,1,18.980094342778763,0.912200927734375
CHIN_172,CHIN,1,40,validation,3188270,3187520,3189020,31754,32010,1500,provisional,WT_37C_rep1,1,18.603760329196078,0.912200927734375
CHIN_173,CHIN,1,40,validation,3189500,3187520,3191480,31767,32023,3960,provisional,WT_37C_rep1,1,17.49038172025024,0.912200927734375
CHIN_174,CHIN,1,40,validation,3190360,3188660,3192060,31775,32031,3400,provisional,WT_37C_rep1,1,17.165969689873204,0.912200927734375
CHIN_175,CHIN,1,40,validation,3191090,3189930,3192250,31782,32038,2320,provisional,WT_37C_rep1,1,17.080459001037102,0.912200927734375
CHIN_176,CHIN,1,40,validation,3191820,3190810,3192830,31790,32046,2020,provisional,WT_37C_rep1,1,16.879796594292596,0.912200927734375
CHIN_177,CHIN,1,40,validation,3206110,3205500,3206720,31933,32189,1220,provisional,WT_37C_rep1,1,16.233781071483712,0.988311767578125
CHIN_178,CHIN,1,40,validation,3226940,3225680,3228200,32141,32397,2520,provisional,WT_37C_rep1,1,13.734444959085996,0.988311767578125
CHIN_179,CHIN,1,16,validation,3262950,3262150,3263750,32501,32757,1600,provisional,WT_37C_rep1,1,24.79407132931913,0.988311767578125
CHIN_180,CHIN,1,16,validation,3265690,3264890,3266490,32528,32784,1600,provisional,WT_37C_rep1,1,28.648880654624055,0.988311767578125
CHIN_181,CHIN,1,16,validation,3268770,3267680,3269860,32559,32815,2180,provisional,WT_37C_rep1,1,29.369553805774277,0.988311767578125
CHIN_182,CHIN,1,16,validation,3287930,3286970,3288890,32751,33007,1920,provisional,WT_37C_rep1,1,17.91894395553497,0.988311767578125
CHIN_183,CHIN,1,41,train,3321420,3320530,3322310,33086,33342,1780,provisional,WT_37C_rep1,1,24.024270495599815,0.988311767578125
CHIN_184,CHIN,1,41,train,3330530,3329880,3331180,33177,33433,1300,provisional,WT_37C_rep1,1,23.06926046008955,0.988311767578125
CHIN_185,CHIN,1,17,train,3361650,3360590,3362710,33488,33744,2120,provisional,WT_37C_rep1,1,17.785638439076187,0.919677734375
CHIN_186,CHIN,1,42,train,3413370,3412610,3414130,34005,34261,1520,provisional,WT_37C_rep1,1,14.989307780532021,0.824859619140625
CHIN_187,CHIN,1,43,train,3582560,3581640,3583480,35697,35953,1840,provisional,WT_37C_rep1,1,16.616269356807813,0.94989013671875
CHIN_188,CHIN,1,43,train,3583870,3582640,3585100,35710,35966,2460,provisional,WT_37C_rep1,1,16.39536079162115,0.94989013671875
CHIN_189,CHIN,1,20,train,3632650,3631380,3633920,36198,36454,2540,provisional,WT_37C_rep1,1,20.408816493905913,0.803741455078125
CHIN_190,CHIN,1,20,train,3633070,3631380,3634760,36202,36458,3380,provisional,WT_37C_rep1,1,20.0795216960716,0.832000732421875
CHIN_191,CHIN,1,20,train,3633850,3631380,3636320,36210,36466,4940,provisional,WT_37C_rep1,1,19.442684223159482,0.889984130859375
CHIN_192,CHIN,1,20,train,3635140,3634410,3635870,36223,36479,1460,provisional,WT_37C_rep1,1,18.73764115432873,0.972900390625
CHIN_193,CHIN,1,20,train,3652560,3651080,3654040,36397,36653,2960,provisional,WT_37C_rep1,1,17.752853729758428,0.919677734375
CHIN_194,CHIN,1,20,train,3654320,3653170,3655470,36415,36671,2300,provisional,WT_37C_rep1,1,16.109290184282404,0.882659912109375
CHIN_195,CHIN,1,20,train,3656860,3655000,3658720,36440,36696,3720,provisional,WT_37C_rep1,1,14.490517361595314,0.8753662109375
CHIN_196,CHIN,1,20,train,3657730,3656690,3658770,36449,36705,2080,provisional,WT_37C_rep1,1,14.257774368986194,0.8753662109375
CHIN_197,CHIN,1,20,train,3665150,3664320,3665980,36523,36779,1660,provisional,WT_37C_rep1,1,14.924558309995506,0.882659912109375
CHIN_198,CHIN,1,20,train,3674500,3673940,3675060,36617,36873,1120,provisional,WT_37C_rep1,1,16.128598724051944,0.942352294921875
CHIN_199,CHIN,1,21,test,3721190,3720060,3722320,37083,37339,2260,provisional,WT_37C_rep1,1,16.602377643970975,0.988311767578125
CHIN_200,CHIN,1,21,test,3732070,3730830,3733310,37192,37448,2480,provisional,WT_37C_rep1,1,18.702979774587,0.988311767578125
CHIN_201,CHIN,1,21,test,3745150,3743830,3746470,37323,37579,2640,provisional,WT_37C_rep1,1,17.60265555040914,0.988311767578125
CHIN_202,CHIN,1,21,test,3767270,3766010,3768530,37544,37800,2520,provisional,WT_37C_rep1,1,16.77117465224111,0.789794921875
CHIN_203,CHIN,1,21,test,3768770,3767450,3770090,37559,37815,2640,provisional,WT_37C_rep1,1,16.965378670788255,0.789794921875
CHIN_204,CHIN,1,21,test,3789700,3788920,3790480,37769,38025,1560,provisional,WT_37C_rep1,1,19.24974525243168,0.988311767578125
CHIN_205,CHIN,1,21,test,3798040,3796820,3799260,37852,38108,2440,provisional,WT_37C_rep1,1,19.59719005712521,0.988311767578125
CHIN_206,CHIN,1,21,test,3798440,3796820,3800060,37856,38112,3240,provisional,WT_37C_rep1,1,19.564304461942257,0.988311767578125
CHIN_207,CHIN,1,21,test,3799040,3796820,3801260,37862,38118,4440,provisional,WT_37C_rep1,1,19.573845916319282,0.988311767578125
CHIN_208,CHIN,1,21,test,3799880,3796820,3802940,37870,38126,6120,provisional,WT_37C_rep1,1,19.441099274355413,0.988311767578125
CHIN_209,CHIN,1,21,test,3800410,3796820,3804000,37876,38132,7180,provisional,WT_37C_rep1,1,19.27376872008646,0.988311767578125
CHIN_210,CHIN,1,21,test,3801660,3796820,3806500,37888,38144,9680,provisional,WT_37C_rep1,1,19.25660027790644,0.988311767578125
CHIN_211,CHIN,1,21,test,3802270,3796820,3807720,37894,38150,10900,provisional,WT_37C_rep1,1,19.397684113015284,0.988311767578125
CHIN_212,CHIN,1,21,test,3802530,3796820,3808240,37897,38153,11420,provisional,WT_37C_rep1,1,19.384375482476454,0.988311767578125
CHIN_213,CHIN,1,21,test,3803260,3798700,3807820,37904,38160,9120,provisional,WT_37C_rep1,1,19.359827080438475,0.988311767578125
CHIN_214,CHIN,1,21,test,3805550,3803270,3807830,37927,38183,4560,provisional,WT_37C_rep1,1,19.00410683958623,0.988311767578125
CHIN_215,CHIN,1,21,test,3805970,3803910,3808030,37931,38187,4120,provisional,WT_37C_rep1,1,19.059317585301837,0.988311767578125
CHIN_216,CHIN,1,44,train,3837400,3836700,3838100,38246,38502,1400,provisional,WT_37C_rep1,1,16.476949204878803,0.988311767578125
CHIN_217,CHIN,1,44,train,3843540,3842940,3844140,38307,38563,1200,provisional,WT_37C_rep1,1,16.654253512428593,0.988311767578125
CHIN_218,CHIN,1,44,train,3875460,3874630,3876290,38626,38882,1660,provisional,WT_37C_rep1,1,22.644279759147754,0.988311767578125
CHIN_219,CHIN,1,44,train,3901680,3900640,3902720,38888,39144,2080,provisional,WT_37C_rep1,1,22.553219082908754,0.988311767578125
CHIN_220,CHIN,1,44,train,3906250,3905540,3906960,38934,39190,1420,provisional,WT_37C_rep1,1,19.415686274509802,0.988311767578125
CHIN_221,CHIN,1,45,validation,4063500,4061600,4065400,40507,40763,3800,provisional,WT_37C_rep1,1,17.27907982090474,0.988311767578125
CHIN_222,CHIN,1,45,validation,4064210,4063250,4065170,40514,40770,1920,provisional,WT_37C_rep1,1,17.545592095105757,0.988311767578125
CHIN_223,CHIN,1,45,validation,4064700,4063900,4065500,40519,40775,1600,provisional,WT_37C_rep1,1,17.756955380577427,0.988311767578125
CHIN_224,CHIN,1,46,validation,4215460,4214840,4216080,42026,42282,1240,provisional,WT_37C_rep1,1,20.29882495007199,0.657073974609375
CHIN_225,CHIN,1,46,validation,4221530,4220330,4222730,42087,42343,2400,provisional,WT_37C_rep1,1,20.252226560786205,0.695587158203125
CHIN_226,CHIN,1,25,train,4251440,4250240,4252640,42386,42642,2400,provisional,WT_37C_rep1,1,36.844866450517216,0.988311767578125
CHIN_227,CHIN,1,25,train,4260840,4259950,4261730,42480,42736,1780,provisional,WT_37C_rep1,1,24.909711286089237,0.988311767578125
CHIN_228,CHIN,1,25,train,4268770,4268140,4269400,42559,42815,1260,provisional,WT_37C_rep1,1,20.065493283927744,0.988311767578125
CHIN_229,CHIN,1,25,train,4282510,4281710,4283310,42697,42953,1600,provisional,WT_37C_rep1,1,17.250918635170603,0.988311767578125
CHIN_230,CHIN,1,47,train,4311440,4310500,4312380,42986,43242,1880,provisional,WT_37C_rep1,1,15.547722711131696,0.988311767578125
CHIN_231,CHIN,1,47,train,4337680,4336710,4338650,43248,43504,1940,provisional,WT_37C_rep1,1,14.761679790026246,0.988311767578125
CHIN_232,CHIN,1,47,train,4360290,4359540,4361040,43474,43730,1500,provisional,WT_37C_rep1,1,24.084761463640575,0.988311767578125
CHIN_233,CHIN,1,47,train,4384200,4383690,4384710,43714,43970,1020,provisional,WT_37C_rep1,1,20.585023930832175,0.988311767578125
CHIN_234,CHIN,1,48,validation,4411230,4409780,4412680,43984,44240,2900,provisional,WT_37C_rep1,1,21.40061756986259,0.988311767578125
CHIN_235,CHIN,1,48,validation,4427260,4426690,4427830,44144,44400,1140,provisional,WT_37C_rep1,1,17.075220009263546,0.988311767578125
CHIN_236,CHIN,1,26,train,4476270,4475240,4477300,44634,44890,2060,provisional,WT_37C_rep1,1,24.482630847614637,0.988311767578125
CHIN_237,CHIN,1,26,train,4480140,4479470,4480810,44673,44929,1340,provisional,WT_37C_rep1,1,17.027450980392157,0.988311767578125
CHIN_238,CHIN,1,26,train,4496440,4495410,4497470,44836,45092,2060,provisional,WT_37C_rep1,1,16.720333127250246,0.839141845703125
CHIN_239,CHIN,1,26,train,4504290,4503670,4504910,44914,45170,1240,provisional,WT_37C_rep1,1,16.297959777430265,0.839141845703125
CHIN_240,CHIN,1,26,train,4504570,4503670,4505470,44917,45173,1800,provisional,WT_37C_rep1,1,16.439029712332253,0.839141845703125
CHIN_241,CHIN,1,26,train,4525460,4524820,4526100,45126,45382,1280,provisional,WT_37C_rep1,1,15.225629149297514,0.988311767578125
CHIN_242,CHIN,1,26,train,4538600,4537470,4539730,45258,45514,2260,provisional,WT_37C_rep1,1,13.389069013432145,0.988311767578125
CHIN_243,CHIN,1,26,train,4540120,4537470,4542770,45273,45529,5300,provisional,WT_37C_rep1,1,13.434800061756986,0.988311767578125
CHIN_244,CHIN,1,26,train,4541500,4540460,4542540,45287,45543,2080,provisional,WT_37C_rep1,1,13.64708970202254,0.988311767578125
CHIN_245,CHIN,1,26,train,4545470,4544360,4546580,45326,45582,2220,provisional,WT_37C_rep1,1,14.03186660490968,0.988311767578125
CHIN_246,CHIN,1,26,train,4556010,4555270,4556750,45432,45688,1480,provisional,WT_37C_rep1,1,13.710545005403736,0.988311767578125
CHIN_247,CHIN,1,26,train,4578120,4576950,4579290,45653,45909,2340,provisional,WT_37C_rep1,1,15.32820750347383,0.988311767578125
CHIN_248,CHIN,1,26,train,4595370,4594330,4596410,45825,46081,2080,provisional,WT_37C_rep1,1,15.87376872008646,0.988311767578125
CHIN_249,CHIN,1,26,train,4603820,4602820,4604820,45910,46166,2000,provisional,WT_37C_rep1,1,14.095105758838969,0.988311767578125
CHIN_250,CHIN,1,26,train,4616940,4616400,4617480,46041,46297,1080,provisional,WT_37C_rep1,1,15.313756368689209,0.988311767578125
CHID_1,CHID,2,0,train,153480.0,149900,157060,1406,1662,7160,provisional,WT_37C_rep1,1,14.846039833256137,0.988311767578125
CHID_2,CHID,2,27,train,315420.0,310750,320090,3026,3282,9340,provisional,WT_37C_rep1,1,15.698068754977436,0.919677734375
CHID_3,CHID,2,29,train,565240.0,558100,572380,5524,5780,14280,provisional,WT_37C_rep1,1,11.807983556901775,0.8463134765625
CHID_4,CHID,2,29,train,580050.0,574340,585760,5672,5928,11420,provisional,WT_37C_rep1,1,10.381056184515856,0.86798095703125
CHID_5,CHID,2,31,train,874750.0,872940,876560,8619,8875,3620,provisional,WT_37C_rep1,1,12.071514590088004,0.988311767578125
CHID_6,CHID,2,33,train,1095100.0,1085960,1104240,10823,11079,18280,provisional,WT_37C_rep1,1,11.417820098622684,0.897369384765625
CHID_7,CHID,2,5,test,1214445.0,1207850,1221040,12016,12272,13190,provisional,WT_37C_rep1,1,12.934414080592868,0.988311767578125
CHID_8,CHID,2,35,train,1545070.0,1543310,1546830,15322,15578,3520,provisional,WT_37C_rep1,1,10.36149451906747,0.988311767578125
CHID_9,CHID,2,35,train,1588450.0,1586640,1590260,15756,16012,3620,provisional,WT_37C_rep1,1,10.105233904585456,0.988311767578125
CHID_10,CHID,2,8,test,1775015.0,1770410,1779620,17622,17878,9210,provisional,WT_37C_rep1,1,11.616736143276208,0.988311767578125
CHID_11,CHID,2,9,train,2106130.0,2101300,2110960,20933,21189,9660,provisional,WT_37C_rep1,1,16.362091850278738,0.919677734375
CHID_12,CHID,2,9,train,2189805.0,2187180,2192430,21770,22026,5250,provisional,WT_37C_rep1,1,12.72218619731357,0.988311767578125
CHID_13,CHID,2,10,train,2385805.0,2382590,2389020,23730,23986,6430,provisional,WT_37C_rep1,1,21.131665894704337,0.988311767578125
CHID_14,CHID,2,11,train,2486470.0,2480590,2492350,24736,24992,11760,provisional,WT_37C_rep1,1,12.34821676702177,0.988311767578125
CHID_15,CHID,2,39,validation,2759355.0,2757490,2761220,27465,27721,3730,provisional,WT_37C_rep1,1,15.432020997375329,0.988311767578125
CHID_16,CHID,2,39,validation,2784710.0,2780610,2788810,27719,27975,8200,provisional,WT_37C_rep1,1,11.400432298903814,0.988311767578125
CHID_17,CHID,2,14,train,2992425.0,2986150,2998700,29796,30052,12550,provisional,WT_37C_rep1,1,13.160884547188116,0.912200927734375
CHID_18,CHID,2,40,validation,3188275.0,3183500,3193050,31754,32010,9550,provisional,WT_37C_rep1,1,18.603760329196078,0.912200927734375
CHID_19,CHID,2,20,train,3633605.0,3631260,3635950,36208,36464,4690,provisional,WT_37C_rep1,1,19.62467749808242,0.87530517578125
CHID_20,CHID,2,20,train,3654840.0,3650910,3658770,36420,36676,7860,provisional,WT_37C_rep1,1,15.540440663784688,0.8753662109375
CHID_21,CHID,2,21,test,3767825.0,3765970,3769680,37550,37806,3710,provisional,WT_37C_rep1,1,16.852357032457498,0.789794921875
CHID_22,CHID,2,21,test,3802635.0,3797060,3808210,37898,38154,11150,provisional,WT_37C_rep1,1,19.387833873706963,0.988311767578125
CHID_23,CHID,2,45,validation,4063250.0,4061010,4065490,40504,40760,4480,provisional,WT_37C_rep1,1,17.237455612166126,0.988311767578125
CHID_24,CHID,2,26,train,4505535.0,4503590,4507480,44927,45183,3890,provisional,WT_37C_rep1,1,16.75455504236826,0.839141845703125
CHID_25,CHID,2,26,train,4540195.0,4533730,4546660,45273,45529,12930,provisional,WT_37C_rep1,1,13.434800061756986,0.988311767578125
CHID_26,CHID,2,26,train,4579115.0,4576950,4581280,45663,45919,4330,provisional,WT_37C_rep1,1,15.292450208429829,0.988311767578125
OPCID_1,OPCID,0,0,train,54800.0,49660,59940,420,676,10280,provisional,WT_37C_rep2,2,14.612999845607535,0.988311767578125
OPCID_2,OPCID,0,0,train,90545.0,87820,93270,777,1033,5450,provisional,WT_37C_rep2,2,18.999104523699245,0.988311767578125
OPCID_3,OPCID,0,0,train,107560.0,106140,108980,947,1203,2840,provisional,WT_37C_rep2,2,22.37026401111626,0.988311767578125
OPCID_4,OPCID,0,0,train,125680.0,121910,129450,1128,1384,7540,provisional,WT_37C_rep2,2,20.652709587772115,0.988311767578125
OPCID_5,OPCID,0,0,train,183415.0,182460,184370,1706,1962,1910,provisional,WT_37C_rep2,2,16.838196696001233,0.988311767578125
OPCID_6,OPCID,0,0,train,193340.0,192730,193950,1805,2061,1220,provisional,WT_37C_rep2,2,20.599814729041224,0.988311767578125
OPCID_7,OPCID,0,0,train,196605.0,194470,198740,1838,2094,4270,provisional,WT_37C_rep2,2,19.764366218928515,0.988311767578125
OPCID_8,OPCID,0,0,train,200610.0,199310,201910,1878,2134,2600,provisional,WT_37C_rep2,2,19.111749266635787,0.988311767578125
OPCID_9,OPCID,0,1,test,246075.0,243140,249010,2332,2588,5870,provisional,WT_37C_rep2,2,12.812352236292385,0.942291259765625
OPCID_10,OPCID,0,27,train,323245.0,321350,325140,3104,3360,3790,provisional,WT_37C_rep2,2,14.651712237855056,0.919677734375
OPCID_11,OPCID,0,2,train,434265.0,426840,441690,4214,4470,14850,provisional,WT_37C_rep2,2,17.068828161185735,0.988311767578125
OPCID_12,OPCID,0,3,train,631360.0,629820,632900,6185,6441,3080,provisional,WT_37C_rep2,2,12.827018681488344,0.988311767578125
OPCID_13,OPCID,0,3,train,704010.0,699160,708860,6912,7168,9700,provisional,WT_37C_rep2,2,18.157202408522465,0.988311767578125
OPCID_14,OPCID,0,3,train,763935.0,762610,765260,7511,7767,2650,provisional,WT_37C_rep2,2,21.9748031496063,0.988311767578125
OPCID_15,OPCID,0,3,train,772910.0,771270,774550,7601,7857,3280,provisional,WT_37C_rep2,2,22.080685502547475,0.988311767578125
OPCID_16,OPCID,0,4,validation,936550.0,932320,940780,9237,9493,8460,provisional,WT_37C_rep2,2,16.538706191137873,0.988311767578125
OPCID_17,OPCID,0,4,validation,952765.0,950090,955440,9399,9655,5350,provisional,WT_37C_rep2,2,14.5308939323761,0.988311767578125
OPCID_18,OPCID,0,4,validation,962835.0,961460,964210,9500,9756,2750,provisional,WT_37C_rep2,2,16.111286089238845,0.988311767578125
OPCID_19,OPCID,0,33,train,1142785.0,1140560,1145010,11299,11555,4450,provisional,WT_37C_rep2,2,20.916658947043384,0.988311767578125
OPCID_20,OPCID,0,5,test,1188635.0,1186860,1190410,11758,12014,3550,provisional,WT_37C_rep2,2,13.716381040605219,0.988311767578125
OPCID_21,OPCID,0,5,test,1225115.0,1224080,1226150,12123,12379,2070,provisional,WT_37C_rep2,2,12.644619422572179,0.988311767578125
OPCID_22,OPCID,0,5,test,1249435.0,1247430,1251440,12366,12622,4010,provisional,WT_37C_rep2,2,15.070804384746024,0.988311767578125
OPCID_23,OPCID,0,6,validation,1303045.0,1295210,1310880,12902,13158,15670,provisional,WT_37C_rep2,2,27.608560731271293,0.904754638671875
OPCID_24,OPCID,0,6,validation,1339875.0,1337800,1341950,13270,13526,4150,provisional,WT_37C_rep2,2,14.54948278524008,0.988311767578125
OPCID_25,OPCID,0,6,validation,1353900.0,1350060,1357740,13411,13667,7680,provisional,WT_37C_rep2,2,11.832391539292882,0.988311767578125
OPCID_26,OPCID,0,35,train,1667485.0,1666390,1668580,16546,16802,2190,provisional,WT_37C_rep2,2,12.3501312335958,0.988311767578125
OPCID_27,OPCID,0,7,train,1700815.0,1695830,1705800,16880,17136,9970,provisional,WT_37C_rep2,2,12.748463794966806,0.988311767578125
OPCID_28,OPCID,0,8,test,1735455.0,1732990,1737920,17226,17482,4930,provisional,WT_37C_rep2,2,14.229797745870002,0.988311767578125
OPCID_29,OPCID,0,8,test,1744300.0,1741110,1747490,17315,17571,6380,provisional,WT_37C_rep2,2,13.901250578971746,0.988311767578125
OPCID_30,OPCID,0,8,test,1800875.0,1798820,1802930,17880,18136,4110,provisional,WT_37C_rep2,2,18.81726107765941,0.988311767578125
OPCID_31,OPCID,0,9,train,2143430.0,2139120,2147740,21306,21562,8620,provisional,WT_37C_rep2,2,13.608213679172456,0.988311767578125
OPCID_32,OPCID,0,9,train,2213470.0,2211940,2215000,22006,22262,3060,provisional,WT_37C_rep2,2,11.888065462405434,0.988311767578125
OPCID_33,OPCID,0,9,train,2261500.0,2259040,2263960,22487,22743,4920,provisional,WT_37C_rep2,2,16.432391539292883,0.988311767578125
OPCID_34,OPCID,0,10,train,2391205.0,2389410,2393000,23784,24040,3590,provisional,WT_37C_rep2,2,27.189748340280993,0.988311767578125
OPCID_35,OPCID,0,10,train,2395285.0,2393000,2397570,23824,24080,4570,provisional,WT_37C_rep2,2,31.902022541299985,0.988311767578125
OPCID_36,OPCID,0,11,train,2441140.0,2440390,2441890,24283,24539,1500,provisional,WT_37C_rep2,2,15.88831249035047,0.988311767578125
OPCID_37,OPCID,0,12,validation,2530925.0,2529590,2532260,25181,25437,2670,provisional,WT_37C_rep2,2,19.96949204878802,0.988311767578125
OPCID_38,OPCID,0,12,validation,2534700.0,2532990,2536410,25219,25475,3420,provisional,WT_37C_rep2,2,20.2929442643199,0.988311767578125
OPCID_39,OPCID,0,12,validation,2543875.0,2543000,2544750,25310,25566,1750,provisional,WT_37C_rep2,2,18.186753126447428,0.988311767578125
OPCID_40,OPCID,0,12,validation,2564415.0,2563220,2565610,25516,25772,2390,provisional,WT_37C_rep2,2,15.961062220163656,0.988311767578125
OPCID_41,OPCID,0,13,train,2640260.0,2637380,2643140,26274,26530,5760,provisional,WT_37C_rep2,2,17.113571097730432,0.988311767578125
OPCID_42,OPCID,0,13,train,2650405.0,2647290,2653520,26376,26632,6230,provisional,WT_37C_rep2,2,17.628346456692913,0.988311767578125
OPCID_43,OPCID,0,13,train,2662635.0,2661520,2663750,26498,26754,2230,provisional,WT_37C_rep2,2,14.295074880345839,0.988311767578125
OPCID_44,OPCID,0,13,train,2687760.0,2683840,2691680,26749,27005,7840,provisional,WT_37C_rep2,2,13.159271267562143,0.988311767578125
OPCID_45,OPCID,0,13,train,2709400.0,2708310,2710490,26966,27222,2180,provisional,WT_37C_rep2,2,15.260676238999537,0.988311767578125
OPCID_46,OPCID,0,14,train,2868480.0,2866350,2870610,28556,28812,4260,provisional,WT_37C_rep2,2,12.908136482939632,0.988311767578125
OPCID_47,OPCID,0,14,train,2919995.0,2917350,2922640,29071,29327,5290,provisional,WT_37C_rep2,2,22.805712521228966,0.988311767578125
OPCID_48,OPCID,0,14,train,2941115.0,2939250,2942980,29283,29539,3730,provisional,WT_37C_rep2,2,14.369059749884206,0.988311767578125
OPCID_49,OPCID,0,14,train,2966770.0,2964460,2969080,29539,29795,4620,provisional,WT_37C_rep2,2,15.02652462559827,0.988311767578125
OPCID_50,OPCID,0,14,train,3014260.0,3012260,3016260,30014,30270,4000,provisional,WT_37C_rep2,2,13.66981627296588,0.988311767578125
OPCID_51,OPCID,0,15,train,3041670.0,3040170,3043170,30288,30544,3000,provisional,WT_37C_rep2,2,22.942566002779063,0.988311767578125
OPCID_52,OPCID,0,15,train,3048625.0,3046160,3051090,30358,30614,4930,provisional,WT_37C_rep2,2,27.55874633317894,0.988311767578125
OPCID_53,OPCID,0,16,validation,3274080.0,3269380,3278780,32612,32868,9400,provisional,WT_37C_rep2,2,32.66753126447429,0.988311767578125
OPCID_54,OPCID,0,17,train,3380450.0,3375910,3384990,33676,33932,9080,provisional,WT_37C_rep2,2,15.98542535124286,0.988311767578125
OPCID_55,OPCID,0,18,test,3444155.0,3439610,3448700,34313,34569,9090,provisional,WT_37C_rep2,2,30.205249343832023,0.988311767578125
OPCID_56,OPCID,0,19,train,3550190.0,3547440,3552940,35373,35629,5500,provisional,WT_37C_rep2,2,31.298718542535124,0.988311767578125
OPCID_57,OPCID,0,19,train,3554600.0,3552940,3556260,35418,35674,3320,provisional,WT_37C_rep2,2,31.758314034275127,0.988311767578125
OPCID_58,OPCID,0,20,train,3640905.0,3638960,3642850,36281,36537,3890,provisional,WT_37C_rep2,2,19.076055216352536,0.919677734375
OPCID_59,OPCID,0,21,test,3737655.0,3735170,3740140,37248,37504,4970,provisional,WT_37C_rep2,2,17.125304925119654,0.988311767578125
OPCID_60,OPCID,0,44,train,3866740.0,3864340,3869140,38539,38795,4800,provisional,WT_37C_rep2,2,19.08445267870928,0.988311767578125
OPCID_61,OPCID,0,44,train,3919190.0,3911270,3927110,39063,39319,15840,provisional,WT_37C_rep2,2,23.507333642118265,0.988311767578125
OPCID_62,OPCID,0,22,train,3994520.0,3986190,4002850,39817,40073,16660,provisional,WT_37C_rep2,2,21.098008337193146,0.988311767578125
OPCID_63,OPCID,0,23,train,4021825.0,4015990,4027660,40090,40346,11670,provisional,WT_37C_rep2,2,22.771993206731512,0.988311767578125
OPCID_64,OPCID,0,24,test,4117900.0,4115250,4120550,41051,41307,5300,provisional,WT_37C_rep2,2,18.212351397251815,0.988311767578125
OPCID_65,OPCID,0,25,train,4256135.0,4252060,4260210,42433,42689,8150,provisional,WT_37C_rep2,2,32.41201173382739,0.988311767578125
OPCID_66,OPCID,0,25,train,4279295.0,4276470,4282120,42664,42920,5650,provisional,WT_37C_rep2,2,17.297267253358036,0.988311767578125
OPCID_67,OPCID,0,26,train,4484420.0,4480430,4488410,44716,44972,7980,provisional,WT_37C_rep2,2,15.531202717307396,0.988311767578125
OPCID_68,OPCID,0,26,train,4585100.0,4583060,4587140,45723,45979,4080,provisional,WT_37C_rep2,2,14.824363131079203,0.988311767578125
CHIN_1,CHIN,1,0,train,58840,58260,59420,460,716,1160,provisional,WT_37C_rep2,2,14.743337965107303,0.988311767578125
CHIN_2,CHIN,1,0,train,84660,83460,85860,718,974,2400,provisional,WT_37C_rep2,2,16.665153620503318,0.988311767578125
CHIN_3,CHIN,1,0,train,151330,150060,152600,1385,1641,2540,provisional,WT_37C_rep2,2,13.777613092481086,0.988311767578125
CHIN_4,CHIN,1,0,train,151800,150060,153540,1390,1646,3480,provisional,WT_37C_rep2,2,13.820626833410529,0.988311767578125
CHIN_5,CHIN,1,0,train,152340,150060,154620,1395,1651,4560,provisional,WT_37C_rep2,2,13.832731202717307,0.988311767578125
CHIN_6,CHIN,1,0,train,154620,153540,155700,1418,1674,2160,provisional,WT_37C_rep2,2,14.131758530183728,0.988311767578125
CHIN_7,CHIN,1,0,train,156730,156170,157290,1439,1695,1120,provisional,WT_37C_rep2,2,13.89365446966188,0.988311767578125
CHIN_8,CHIN,1,0,train,180380,179740,181020,1675,1931,1280,provisional,WT_37C_rep2,2,15.802562914929752,0.988311767578125
CHIN_9,CHIN,1,1,test,237970,237000,238940,2251,2507,1940,provisional,WT_37C_rep2,2,12.768229166666666,0.796875
CHIN_10,CHIN,1,1,test,253060,252280,253840,2402,2658,1560,provisional,WT_37C_rep2,2,13.041551964245231,0.942291259765625
CHIN_11,CHIN,1,1,test,256400,252280,260520,2436,2692,8240,provisional,WT_37C_rep2,2,13.031220649674514,0.942291259765625
CHIN_12,CHIN,1,1,test,259590,258700,260480,2467,2723,1780,provisional,WT_37C_rep2,2,12.597463102768142,0.89739990234375
CHIN_13,CHIN,1,1,test,262940,262320,263560,2501,2757,1240,provisional,WT_37C_rep2,2,12.822666422152944,0.832061767578125
CHIN_14,CHIN,1,27,train,293940,292430,295450,2811,3067,3020,provisional,WT_37C_rep2,2,12.896485253485832,0.94989013671875
CHIN_15,CHIN,1,27,train,295670,294940,296400,2828,3084,1460,provisional,WT_37C_rep2,2,12.754321146308552,0.94989013671875
CHIN_16,CHIN,1,27,train,297230,296440,298020,2844,3100,1580,provisional,WT_37C_rep2,2,12.280569298978346,0.94989013671875
CHIN_17,CHIN,1,27,train,303370,302620,304120,2905,3161,1500,provisional,WT_37C_rep2,2,11.541660998503605,0.8973388671875
CHIN_18,CHIN,1,27,train,313510,312500,314520,3007,3263,2020,provisional,WT_37C_rep2,2,14.523460313246614,0.919677734375
CHIN_19,CHIN,1,27,train,319130,318290,319970,3063,3319,1680,provisional,WT_37C_rep2,2,14.957559065569418,0.919677734375
CHIN_20,CHIN,1,27,train,336060,335190,336930,3232,3488,1740,provisional,WT_37C_rep2,2,11.99067469507488,0.988311767578125
CHIN_21,CHIN,1,27,train,344510,343740,345280,3317,3573,1540,provisional,WT_37C_rep2,2,10.966311563995678,0.988311767578125
CHIN_22,CHIN,1,2,train,432280,431650,432910,4194,4450,1260,provisional,WT_37C_rep2,2,17.09371622664814,0.988311767578125
CHIN_23,CHIN,1,28,train,480640,479730,481550,4678,4934,1820,provisional,WT_37C_rep2,2,14.29306777829242,0.988311767578125
CHIN_24,CHIN,1,29,train,516310,515700,516920,5035,5291,1220,provisional,WT_37C_rep2,2,12.576351329468537,0.942291259765625
CHIN_25,CHIN,1,29,train,528090,526710,529470,5152,5408,2760,provisional,WT_37C_rep2,2,11.419762282605175,0.942291259765625
CHIN_26,CHIN,1,29,train,537030,535810,538250,5242,5498,2440,provisional,WT_37C_rep2,2,10.182660232535545,0.942291259765625
CHIN_27,CHIN,1,29,train,538330,537490,539170,5255,5511,1680,provisional,WT_37C_rep2,2,10.09346762962723,0.942291259765625
CHIN_28,CHIN,1,29,train,545940,545170,546710,5331,5587,1540,provisional,WT_37C_rep2,2,10.826864289022696,0.988311767578125
CHIN_29,CHIN,1,29,train,559250,558190,560310,5464,5720,2120,provisional,WT_37C_rep2,2,10.930246562510455,0.912200927734375
CHIN_30,CHIN,1,29,train,559700,558190,561210,5469,5725,3020,provisional,WT_37C_rep2,2,10.919975912482018,0.912200927734375
CHIN_31,CHIN,1,29,train,563390,562020,564760,5505,5761,2740,provisional,WT_37C_rep2,2,11.132414445212206,0.839141845703125
CHIN_32,CHIN,1,29,train,566470,563970,568970,5536,5792,5000,provisional,WT_37C_rep2,2,10.810015638069608,0.839141845703125
CHIN_33,CHIN,1,29,train,569490,568090,570890,5566,5822,2800,provisional,WT_37C_rep2,2,9.989016983670945,0.839141845703125
CHIN_34,CHIN,1,29,train,570950,569420,572480,5581,5837,3060,provisional,WT_37C_rep2,2,9.760846637815034,0.839141845703125
CHIN_35,CHIN,1,29,train,571570,570750,572390,5587,5843,1640,provisional,WT_37C_rep2,2,9.659671964214278,0.839141845703125
CHIN_36,CHIN,1,29,train,584340,582900,585780,5715,5971,2880,provisional,WT_37C_rep2,2,9.501120738683884,0.912200927734375
CHIN_37,CHIN,1,3,train,618620,617720,619520,6058,6314,1800,provisional,WT_37C_rep2,2,11.447869936249873,0.904754638671875
CHIN_38,CHIN,1,3,train,637220,636260,638180,6244,6500,1920,provisional,WT_37C_rep2,2,13.257681025165972,0.988311767578125
CHIN_39,CHIN,1,3,train,656290,655540,657040,6434,6690,1500,provisional,WT_37C_rep2,2,12.414204106839586,0.988311767578125
CHIN_40,CHIN,1,3,train,661540,660590,662490,6487,6743,1900,provisional,WT_37C_rep2,2,13.215655396016674,0.988311767578125
CHIN_41,CHIN,1,3,train,676920,676260,677580,6641,6897,1320,provisional,WT_37C_rep2,2,12.994259357578976,0.919677734375
CHIN_42,CHIN,1,3,train,678270,676260,680280,6654,6910,4020,provisional,WT_37C_rep2,2,12.848719139899124,0.919677734375
CHIN_43,CHIN,1,3,train,716370,715620,717120,7035,7291,1500,provisional,WT_37C_rep2,2,14.656600277906438,0.988311767578125
CHIN_44,CHIN,1,3,train,720720,720100,721340,7079,7335,1240,provisional,WT_37C_rep2,2,12.18445365805883,0.934783935546875
CHIN_45,CHIN,1,3,train,734700,732990,736410,7219,7475,3420,provisional,WT_37C_rep2,2,9.26917887115353,0.927276611328125
CHIN_46,CHIN,1,3,train,737380,735680,739080,7245,7501,3400,provisional,WT_37C_rep2,2,8.943426032581867,0.927276611328125
CHIN_47,CHIN,1,3,train,748820,748180,749460,7360,7616,1280,provisional,WT_37C_rep2,2,12.005712521228965,0.988311767578125
CHIN_48,CHIN,1,3,train,752470,751750,753190,7396,7652,1440,provisional,WT_37C_rep2,2,15.367608460707118,0.988311767578125
CHIN_49,CHIN,1,30,train,801100,799970,802230,7883,8139,2260,provisional,WT_37C_rep2,2,11.445885440790489,0.988311767578125
CHIN_50,CHIN,1,30,train,821020,820280,821760,8082,8338,1480,provisional,WT_37C_rep2,2,12.974463486181874,0.988311767578125
CHIN_51,CHIN,1,31,train,874680,872520,876840,8618,8874,4320,provisional,WT_37C_rep2,2,11.397128300138954,0.988311767578125
CHIN_52,CHIN,1,32,test,998190,997460,998920,9853,10109,1460,provisional,WT_37C_rep2,2,12.921259842519685,0.988311767578125
CHIN_53,CHIN,1,32,test,999020,998130,999910,9862,10118,1780,provisional,WT_37C_rep2,2,12.433348772579897,0.988311767578125
CHIN_54,CHIN,1,33,train,1050110,1049000,1051220,10373,10629,2220,provisional,WT_37C_rep2,2,10.457292197858235,0.95751953125
CHIN_55,CHIN,1,33,train,1051660,1050610,1052710,10388,10644,2100,provisional,WT_37C_rep2,2,10.538373278939316,0.95751953125
CHIN_56,CHIN,1,33,train,1064940,1064050,1065830,10521,10777,1780,provisional,WT_37C_rep2,2,11.070649992280376,0.988311767578125
CHIN_57,CHIN,1,33,train,1087640,1086240,1089040,10748,11004,2800,provisional,WT_37C_rep2,2,10.286481890834892,0.897369384765625
CHIN_58,CHIN,1,33,train,1088450,1087590,1089310,10756,11012,1720,provisional,WT_37C_rep2,2,10.379935385138582,0.897369384765625
CHIN_59,CHIN,1,33,train,1090080,1086240,1093920,10772,11028,7680,provisional,WT_37C_rep2,2,10.2689678626084,0.897369384765625
CHIN_60,CHIN,1,33,train,1092530,1090720,1094340,10797,11053,3620,provisional,WT_37C_rep2,2,10.441489542594796,0.897369384765625
CHIN_61,CHIN,1,33,train,1094720,1092650,1096790,10819,11075,4140,provisional,WT_37C_rep2,2,10.522156095902057,0.897369384765625
CHIN_62,CHIN,1,33,train,1102680,1101500,1103860,10898,11154,2360,provisional,WT_37C_rep2,2,11.542934875021254,0.897369384765625
CHIN_63,CHIN,1,33,train,1104700,1103980,1105420,10919,11175,1440,provisional,WT_37C_rep2,2,11.811460635946268,0.897369384765625
CHIN_64,CHIN,1,33,train,1118630,1117780,1119480,11058,11314,1700,provisional,WT_37C_rep2,2,13.067376872008646,0.988311767578125
CHIN_65,CHIN,1,33,train,1120190,1118940,1121440,11073,11329,2500,provisional,WT_37C_rep2,2,13.367824610159024,0.988311767578125
CHIN_66,CHIN,1,5,test,1181130,1180270,1181990,11683,11939,1720,provisional,WT_37C_rep2,2,13.758036127836961,0.988311767578125
CHIN_67,CHIN,1,5,test,1198500,1196620,1200380,11857,12113,3760,provisional,WT_37C_rep2,2,12.88364983788791,0.988311767578125
CHIN_68,CHIN,1,5,test,1198940,1197850,1200030,11861,12117,2180,provisional,WT_37C_rep2,2,12.826956924502085,0.988311767578125
CHIN_69,CHIN,1,5,test,1202600,1201850,1203350,11898,12154,1500,provisional,WT_37C_rep2,2,11.970325768102517,0.988311767578125
CHIN_70,CHIN,1,5,test,1211390,1209910,1212870,11985,12241,2960,provisional,WT_37C_rep2,2,11.339138490041686,0.988311767578125
CHIN_71,CHIN,1,5,test,1215720,1214260,1217180,12029,12285,2920,provisional,WT_37C_rep2,2,11.964613246873553,0.988311767578125
CHIN_72,CHIN,1,5,test,1217410,1215940,1218880,12046,12302,2940,provisional,WT_37C_rep2,2,11.977952755905513,0.988311767578125
CHIN_73,CHIN,1,5,test,1218490,1215940,1221040,12056,12312,5100,provisional,WT_37C_rep2,2,11.884174772271113,0.988311767578125
CHIN_74,CHIN,1,5,test,1219170,1217950,1220390,12063,12319,2440,provisional,WT_37C_rep2,2,11.937687200864598,0.988311767578125
CHIN_75,CHIN,1,5,test,1220140,1219500,1220780,12073,12329,1280,provisional,WT_37C_rep2,2,11.932808398950131,0.988311767578125
CHIN_76,CHIN,1,5,test,1229860,1228980,1230740,12170,12426,1760,provisional,WT_37C_rep2,2,12.941022078122588,0.988311767578125
CHIN_77,CHIN,1,6,validation,1315530,1314540,1316520,13027,13283,1980,provisional,WT_37C_rep2,2,16.377705727960475,0.988311767578125
CHIN_78,CHIN,1,6,validation,1371090,1369780,1372400,13582,13838,2620,provisional,WT_37C_rep2,2,10.85848386598734,0.988311767578125
CHIN_79,CHIN,1,6,validation,1382580,1381410,1383750,13697,13953,2340,provisional,WT_37C_rep2,2,11.39669600123514,0.988311767578125
CHIN_80,CHIN,1,6,validation,1395060,1393890,1396230,13822,14078,2340,provisional,WT_37C_rep2,2,13.279466418900983,0.919677734375
CHIN_81,CHIN,1,6,validation,1411910,1411210,1412610,13991,14247,1400,provisional,WT_37C_rep2,2,11.121630384437239,0.988311767578125
CHIN_82,CHIN,1,6,validation,1413340,1412520,1414160,14005,14261,1640,provisional,WT_37C_rep2,2,10.719314497452524,0.988311767578125
CHIN_83,CHIN,1,6,validation,1418360,1417480,1419240,14055,14311,1760,provisional,WT_37C_rep2,2,10.94549945962637,0.988311767578125
CHIN_84,CHIN,1,6,validation,1420000,1419250,1420750,14072,14328,1500,provisional,WT_37C_rep2,2,11.02613545816733,0.957489013671875
CHIN_85,CHIN,1,34,train,1476340,1475330,1477350,14635,14891,2020,provisional,WT_37C_rep2,2,10.627700546528262,0.832000732421875
CHIN_86,CHIN,1,34,train,1477500,1475330,1479670,14647,14903,4340,provisional,WT_37C_rep2,2,10.875215493526024,0.832000732421875
CHIN_87,CHIN,1,35,train,1520650,1519960,1521340,15078,15334,1380,provisional,WT_37C_rep2,2,9.770249700424264,0.942291259765625
CHIN_88,CHIN,1,35,train,1528670,1526710,1530630,15158,15414,3920,provisional,WT_37C_rep2,2,9.723774978139067,0.942291259765625
CHIN_89,CHIN,1,35,train,1531080,1529440,1532720,15182,15438,3280,provisional,WT_37C_rep2,2,9.51478446740292,0.942291259765625
CHIN_90,CHIN,1,35,train,1566940,1566010,1567870,15541,15797,1860,provisional,WT_37C_rep2,2,8.446261834802481,0.93475341796875
CHIN_91,CHIN,1,35,train,1576120,1575090,1577150,15633,15889,2060,provisional,WT_37C_rep2,2,8.834476003917727,0.93475341796875
CHIN_92,CHIN,1,35,train,1579440,1577970,1580910,15666,15922,2940,provisional,WT_37C_rep2,2,9.010120796604635,0.93475341796875
CHIN_93,CHIN,1,35,train,1582740,1581250,1584230,15699,15955,2980,provisional,WT_37C_rep2,2,9.005288932419196,0.93475341796875
CHIN_94,CHIN,1,35,train,1588270,1586080,1590460,15754,16010,4380,provisional,WT_37C_rep2,2,9.189624826308476,0.988311767578125
CHIN_95,CHIN,1,35,train,1597450,1596300,1598600,15846,16102,2300,provisional,WT_37C_rep2,2,9.027389223405898,0.988311767578125
CHIN_96,CHIN,1,35,train,1616220,1615310,1617130,16034,16290,1820,provisional,WT_37C_rep2,2,9.521939169368535,0.988311767578125
CHIN_97,CHIN,1,35,train,1631780,1630880,1632680,16189,16445,1800,provisional,WT_37C_rep2,2,9.050041813012209,0.912322998046875
CHIN_98,CHIN,1,35,train,1638030,1636990,1639070,16252,16508,2080,provisional,WT_37C_rep2,2,9.802475330322796,0.912322998046875
CHIN_99,CHIN,1,35,train,1648130,1646300,1649960,16353,16609,3660,provisional,WT_37C_rep2,2,9.604984701682815,0.95751953125
CHIN_100,CHIN,1,8,test,1754330,1753290,1755370,17415,17671,2080,provisional,WT_37C_rep2,2,12.583171221244402,0.988311767578125
CHIN_101,CHIN,1,8,test,1772920,1771840,1774000,17601,17857,2160,provisional,WT_37C_rep2,2,10.594534506716073,0.988311767578125
CHIN_102,CHIN,1,8,test,1776220,1775480,1776960,17634,17890,1480,provisional,WT_37C_rep2,2,10.995584375482476,0.988311767578125
CHIN_103,CHIN,1,8,test,1803960,1802700,1805220,17911,18167,2520,provisional,WT_37C_rep2,2,18.470063300910915,0.988311767578125
CHIN_104,CHIN,1,36,train,1844500,1843870,1845130,18317,18573,1260,provisional,WT_37C_rep2,2,12.686243631310791,0.988311767578125
CHIN_105,CHIN,1,36,train,1853600,1852690,1854510,18408,18664,1820,provisional,WT_37C_rep2,2,13.776439709742165,0.988311767578125
CHIN_106,CHIN,1,36,train,1857300,1856500,1858100,18445,18701,1600,provisional,WT_37C_rep2,2,13.925953373475375,0.988311767578125
CHIN_107,CHIN,1,36,train,1870970,1869840,1872100,18581,18837,2260,provisional,WT_37C_rep2,2,12.894673459935156,0.988311767578125
CHIN_108,CHIN,1,36,train,1871900,1869840,1873960,18591,18847,4120,provisional,WT_37C_rep2,2,12.924749112243322,0.988311767578125
CHIN_109,CHIN,1,37,train,2011690,2010930,2012450,19988,20244,1520,provisional,WT_37C_rep2,2,12.856538520920179,0.988311767578125
CHIN_110,CHIN,1,37,train,2024070,2023320,2024820,20112,20368,1500,provisional,WT_37C_rep2,2,12.263362667901806,0.988311767578125
CHIN_111,CHIN,1,37,train,2036560,2035550,2037570,20237,20493,2020,provisional,WT_37C_rep2,2,11.490875405280223,0.988311767578125
CHIN_112,CHIN,1,37,train,2052880,2052200,2053560,20400,20656,1360,provisional,WT_37C_rep2,2,11.855272502701869,0.988311767578125
CHIN_113,CHIN,1,37,train,2057090,2056360,2057820,20442,20698,1460,provisional,WT_37C_rep2,2,11.24900562337128,0.8900146484375
CHIN_114,CHIN,1,9,train,2103680,2102940,2104420,20908,21164,1480,provisional,WT_37C_rep2,2,15.264932306875497,0.919677734375
CHIN_115,CHIN,1,9,train,2104430,2102940,2105920,20916,21172,2980,provisional,WT_37C_rep2,2,15.163492168834617,0.919677734375
CHIN_116,CHIN,1,9,train,2104690,2102940,2106440,20918,21174,3500,provisional,WT_37C_rep2,2,15.116173347491372,0.919677734375
CHIN_117,CHIN,1,9,train,2105690,2103970,2107410,20928,21184,3440,provisional,WT_37C_rep2,2,15.066963100610565,0.919677734375
CHIN_118,CHIN,1,9,train,2106520,2105150,2107890,20937,21193,2740,provisional,WT_37C_rep2,2,14.970069020440668,0.919677734375
CHIN_119,CHIN,1,9,train,2106930,2105150,2108710,20941,21197,3560,provisional,WT_37C_rep2,2,14.949794265994159,0.919677734375
CHIN_120,CHIN,1,9,train,2107810,2106480,2109140,20950,21206,2660,provisional,WT_37C_rep2,2,14.802097159543404,0.919677734375
CHIN_121,CHIN,1,9,train,2109850,2108740,2110960,20970,21226,2220,provisional,WT_37C_rep2,2,14.575922484735864,0.919677734375
CHIN_122,CHIN,1,9,train,2114690,2114070,2115310,21018,21274,1240,provisional,WT_37C_rep2,2,13.594637642686488,0.919677734375
CHIN_123,CHIN,1,9,train,2129530,2128380,2130680,21167,21423,2300,provisional,WT_37C_rep2,2,12.057526632700323,0.988311767578125
CHIN_124,CHIN,1,9,train,2168950,2167780,2170120,21561,21817,2340,provisional,WT_37C_rep2,2,15.292228429962195,0.912200927734375
CHIN_125,CHIN,1,9,train,2171360,2169510,2173210,21585,21841,3700,provisional,WT_37C_rep2,2,15.285336723428456,0.912200927734375
CHIN_126,CHIN,1,9,train,2173660,2172240,2175080,21608,21864,2840,provisional,WT_37C_rep2,2,15.345622428155632,0.912200927734375
CHIN_127,CHIN,1,9,train,2179170,2178150,2180190,21663,21919,2040,provisional,WT_37C_rep2,2,15.670703556254391,0.912200927734375
CHIN_128,CHIN,1,9,train,2188070,2187330,2188810,21752,22008,1480,provisional,WT_37C_rep2,2,15.243600432298903,0.988311767578125
CHIN_129,CHIN,1,9,train,2188940,2188010,2189870,21761,22017,1860,provisional,WT_37C_rep2,2,13.820071020534199,0.988311767578125
CHIN_130,CHIN,1,9,train,2190070,2187330,2192810,21772,22028,5480,provisional,WT_37C_rep2,2,11.657403118727807,0.988311767578125
CHIN_131,CHIN,1,9,train,2191390,2190110,2192670,21785,22041,2560,provisional,WT_37C_rep2,2,11.310205341979312,0.988311767578125
CHIN_132,CHIN,1,9,train,2233620,2233020,2234220,22208,22464,1200,provisional,WT_37C_rep2,2,12.589130770418404,0.988311767578125
CHIN_133,CHIN,1,9,train,2238520,2237570,2239470,22257,22513,1900,provisional,WT_37C_rep2,2,12.570047861664351,0.988311767578125
CHIN_134,CHIN,1,9,train,2255470,2254830,2256110,22426,22682,1280,provisional,WT_37C_rep2,2,14.707858576501467,0.988311767578125
CHIN_135,CHIN,1,9,train,2258650,2257770,2259530,22458,22714,1760,provisional,WT_37C_rep2,2,15.665369769955227,0.988311767578125
CHIN_136,CHIN,1,38,train,2344010,2343360,2344660,23312,23568,1300,provisional,WT_37C_rep2,2,11.860058669136945,0.988311767578125
CHIN_137,CHIN,1,10,train,2384140,2383080,2385200,23713,23969,2120,provisional,WT_37C_rep2,2,18.522649374710515,0.988311767578125
CHIN_138,CHIN,1,10,train,2386390,2385750,2387030,23735,23991,1280,provisional,WT_37C_rep2,2,21.10964952910298,0.988311767578125
CHIN_139,CHIN,1,10,train,2387300,2385750,2388850,23745,24001,3100,provisional,WT_37C_rep2,2,22.13148062374556,0.988311767578125
CHIN_140,CHIN,1,11,train,2455490,2454600,2456380,24426,24682,1780,provisional,WT_37C_rep2,2,12.006916782461015,0.988311767578125
CHIN_141,CHIN,1,11,train,2463480,2462580,2464380,24506,24762,1800,provisional,WT_37C_rep2,2,11.213154238073182,0.988311767578125
CHIN_142,CHIN,1,11,train,2482340,2480930,2483750,24695,24951,2820,provisional,WT_37C_rep2,2,11.37477227111317,0.988311767578125
CHIN_143,CHIN,1,11,train,2483880,2480930,2486830,24710,24966,5900,provisional,WT_37C_rep2,2,11.573938551798673,0.988311767578125
CHIN_144,CHIN,1,11,train,2484510,2482490,2486530,24717,24973,4040,provisional,WT_37C_rep2,2,11.531480623745562,0.988311767578125
CHIN_145,CHIN,1,11,train,2486740,2485190,2488290,24739,24995,3100,provisional,WT_37C_rep2,2,11.53092481086923,0.988311767578125
CHIN_146,CHIN,1,11,train,2489490,2488280,2490700,24766,25022,2420,provisional,WT_37C_rep2,2,11.751953064690444,0.988311767578125
CHIN_147,CHIN,1,11,train,2492890,2491890,2493890,24800,25056,2000,provisional,WT_37C_rep2,2,12.167423189748341,0.988311767578125
CHIN_148,CHIN,1,13,train,2629410,2628290,2630530,26166,26422,2240,provisional,WT_37C_rep2,2,14.804971437393855,0.988311767578125
CHIN_149,CHIN,1,13,train,2653750,2653160,2654340,26409,26665,1180,provisional,WT_37C_rep2,2,16.708352632391538,0.988311767578125
CHIN_150,CHIN,1,13,train,2700290,2699740,2700840,26874,27130,1100,provisional,WT_37C_rep2,2,14.272348309402501,0.988311767578125
CHIN_151,CHIN,1,39,validation,2758590,2757510,2759670,27457,27713,2160,provisional,WT_37C_rep2,2,15.373845916319283,0.988311767578125
CHIN_152,CHIN,1,39,validation,2759520,2757510,2761530,27467,27723,4020,provisional,WT_37C_rep2,2,14.658113324069785,0.988311767578125
CHIN_153,CHIN,1,39,validation,2774270,2773010,2775530,27614,27870,2520,provisional,WT_37C_rep2,2,10.666327003242241,0.988311767578125
CHIN_154,CHIN,1,39,validation,2783470,2781040,2785900,27706,27962,4860,provisional,WT_37C_rep2,2,10.563656013586536,0.988311767578125
CHIN_155,CHIN,1,39,validation,2785360,2784290,2786430,27725,27981,2140,provisional,WT_37C_rep2,2,10.577829241932994,0.988311767578125
CHIN_156,CHIN,1,39,validation,2786760,2784290,2789230,27739,27995,4940,provisional,WT_37C_rep2,2,10.718666049096804,0.988311767578125
CHIN_157,CHIN,1,39,validation,2788030,2787400,2788660,27752,28008,1260,provisional,WT_37C_rep2,2,10.9075806700633,0.988311767578125
CHIN_158,CHIN,1,39,validation,2798070,2797390,2798750,27852,28108,1360,provisional,WT_37C_rep2,2,12.174525243168134,0.988311767578125
CHIN_159,CHIN,1,39,validation,2805050,2804290,2805810,27922,28178,1520,provisional,WT_37C_rep2,2,13.106098502393083,0.988311767578125
CHIN_160,CHIN,1,14,train,2883680,2882580,2884780,28708,28964,2200,provisional,WT_37C_rep2,2,11.041747722711131,0.988311767578125
CHIN_161,CHIN,1,14,train,2900070,2899270,2900870,28872,29128,1600,provisional,WT_37C_rep2,2,13.914620966496836,0.988311767578125
CHIN_162,CHIN,1,14,train,2904980,2903620,2906340,28921,29177,2720,provisional,WT_37C_rep2,2,15.018063918480777,0.988311767578125
CHIN_163,CHIN,1,14,train,2934180,2933470,2934890,29213,29469,1420,provisional,WT_37C_rep2,2,17.034676547784468,0.988311767578125
CHIN_164,CHIN,1,14,train,2987170,2986330,2988010,29743,29999,1680,provisional,WT_37C_rep2,2,11.905993861098931,0.904754638671875
CHIN_165,CHIN,1,14,train,2988580,2986330,2990830,29757,30013,4500,provisional,WT_37C_rep2,2,11.747731642324688,0.904754638671875
CHIN_166,CHIN,1,14,train,2991880,2986330,2997430,29790,30046,11100,provisional,WT_37C_rep2,2,11.935608999224204,0.904754638671875
CHIN_167,CHIN,1,14,train,2995020,2993620,2996420,29822,30078,2800,provisional,WT_37C_rep2,2,12.538806624616319,0.904754638671875
CHIN_168,CHIN,1,14,train,2997100,2995130,2999070,29843,30099,3940,provisional,WT_37C_rep2,2,12.832023476237056,0.904754638671875
CHIN_169,CHIN,1,15,train,3054480,3053730,3055230,30416,30672,1500,provisional,WT_37C_rep2,2,25.476794812413154,0.988311767578125
CHIN_170,CHIN,1,15,train,3078170,3076900,3079440,30653,30909,2540,provisional,WT_37C_rep2,2,17.475374401729194,0.988311767578125
CHIN_171,CHIN,1,40,validation,3186720,3185610,3187830,31739,31995,2220,provisional,WT_37C_rep2,2,18.62653894154552,0.904754638671875
CHIN_172,CHIN,1,40,validation,3188270,3187520,3189020,31754,32010,1500,provisional,WT_37C_rep2,2,18.217796067055687,0.904754638671875
CHIN_173,CHIN,1,40,validation,3189500,3187520,3191480,31767,32023,3960,provisional,WT_37C_rep2,2,16.952069349343947,0.904754638671875
CHIN_174,CHIN,1,40,validation,3190360,3188660,3192060,31775,32031,3400,provisional,WT_37C_rep2,2,16.60984247984619,0.904754638671875
CHIN_175,CHIN,1,40,validation,3191090,3189930,3192250,31782,32038,2320,provisional,WT_37C_rep2,2,16.513913718082772,0.904754638671875
CHIN_176,CHIN,1,40,validation,3191820,3190810,3192830,31790,32046,2020,provisional,WT_37C_rep2,2,16.29965932472088,0.904754638671875
CHIN_177,CHIN,1,40,validation,3206110,3205500,3206720,31933,32189,1220,provisional,WT_37C_rep2,2,15.713756368689207,0.988311767578125
CHIN_178,CHIN,1,40,validation,3226940,3225680,3228200,32141,32397,2520,provisional,WT_37C_rep2,2,13.191539292882508,0.988311767578125
CHIN_179,CHIN,1,16,validation,3262950,3262150,3263750,32501,32757,1600,provisional,WT_37C_rep2,2,26.366527713447585,0.988311767578125
CHIN_180,CHIN,1,16,validation,3265690,3264890,3266490,32528,32784,1600,provisional,WT_37C_rep2,2,31.389532190829087,0.988311767578125
CHIN_181,CHIN,1,16,validation,3268770,3267680,3269860,32559,32815,2180,provisional,WT_37C_rep2,2,32.60737995985796,0.988311767578125
CHIN_182,CHIN,1,16,validation,3287930,3286970,3288890,32751,33007,1920,provisional,WT_37C_rep2,2,18.53280839895013,0.988311767578125
CHIN_183,CHIN,1,41,train,3321420,3320530,3322310,33086,33342,1780,provisional,WT_37C_rep2,2,23.77421645823684,0.988311767578125
CHIN_184,CHIN,1,41,train,3330530,3329880,3331180,33177,33433,1300,provisional,WT_37C_rep2,2,22.636251350934074,0.988311767578125
CHIN_185,CHIN,1,17,train,3361650,3360590,3362710,33488,33744,2120,provisional,WT_37C_rep2,2,17.13020971595434,0.919677734375
CHIN_186,CHIN,1,42,train,3413370,3412610,3414130,34005,34261,1520,provisional,WT_37C_rep2,2,14.03607236671723,0.824859619140625
CHIN_187,CHIN,1,43,train,3582560,3581640,3583480,35697,35953,1840,provisional,WT_37C_rep2,2,15.850414444515838,0.94989013671875
CHIN_188,CHIN,1,43,train,3583870,3582640,3585100,35710,35966,2460,provisional,WT_37C_rep2,2,15.581218274111675,0.94989013671875
CHIN_189,CHIN,1,20,train,3632650,3631380,3633920,36198,36454,2540,provisional,WT_37C_rep2,2,19.488446676970632,0.789794921875
CHIN_190,CHIN,1,20,train,3633070,3631380,3634760,36202,36458,3380,provisional,WT_37C_rep2,2,19.18139413389059,0.81781005859375
CHIN_191,CHIN,1,20,train,3633850,3631380,3636320,36210,36466,4940,provisional,WT_37C_rep2,2,18.578551007600584,0.87530517578125
CHIN_192,CHIN,1,20,train,3635140,3634410,3635870,36223,36479,1460,provisional,WT_37C_rep2,2,17.795592512963196,0.9652099609375
CHIN_193,CHIN,1,20,train,3652560,3651080,3654040,36397,36653,2960,provisional,WT_37C_rep2,2,16.62154897796655,0.919677734375
CHIN_194,CHIN,1,20,train,3654320,3653170,3655470,36415,36671,2300,provisional,WT_37C_rep2,2,15.108883620389093,0.87530517578125
CHIN_195,CHIN,1,20,train,3656860,3655000,3658720,36440,36696,3720,provisional,WT_37C_rep2,2,13.480312192378006,0.8680419921875
CHIN_196,CHIN,1,20,train,3657730,3656690,3658770,36449,36705,2080,provisional,WT_37C_rep2,2,13.228132470819856,0.8680419921875
CHIN_197,CHIN,1,20,train,3665150,3664320,3665980,36523,36779,1660,provisional,WT_37C_rep2,2,14.001568928247682,0.87530517578125
CHIN_198,CHIN,1,20,train,3674500,3673940,3675060,36617,36873,1120,provisional,WT_37C_rep2,2,15.353444335618674,0.93475341796875
CHIN_199,CHIN,1,21,test,3721190,3720060,3722320,37083,37339,2260,provisional,WT_37C_rep2,2,15.703751736915239,0.988311767578125
CHIN_200,CHIN,1,21,test,3732070,3730830,3733310,37192,37448,2480,provisional,WT_37C_rep2,2,17.909433379651073,0.988311767578125
CHIN_201,CHIN,1,21,test,3745150,3743830,3746470,37323,37579,2640,provisional,WT_37C_rep2,2,16.87052647830786,0.988311767578125
CHIN_202,CHIN,1,21,test,3767270,3766010,3768530,37544,37800,2520,provisional,WT_37C_rep2,2,15.979829984544049,0.789794921875
CHIN_203,CHIN,1,21,test,3768770,3767450,3770090,37559,37815,2640,provisional,WT_37C_rep2,2,16.167156105100464,0.789794921875
CHIN_204,CHIN,1,21,test,3789700,3788920,3790480,37769,38025,1560,provisional,WT_37C_rep2,2,18.356924502084297,0.988311767578125
CHIN_205,CHIN,1,21,test,3798040,3796820,3799260,37852,38108,2440,provisional,WT_37C_rep2,2,18.250177551335494,0.988311767578125
CHIN_206,CHIN,1,21,test,3798440,3796820,3800060,37856,38112,3240,provisional,WT_37C_rep2,2,18.230199166280684,0.988311767578125
CHIN_207,CHIN,1,21,test,3799040,3796820,3801260,37862,38118,4440,provisional,WT_37C_rep2,2,18.209819360815192,0.988311767578125
CHIN_208,CHIN,1,21,test,3799880,3796820,3802940,37870,38126,6120,provisional,WT_37C_rep2,2,18.05317276516906,0.988311767578125
CHIN_209,CHIN,1,21,test,3800410,3796820,3804000,37876,38132,7180,provisional,WT_37C_rep2,2,17.880561988574957,0.988311767578125
CHIN_210,CHIN,1,21,test,3801660,3796820,3806500,37888,38144,9680,provisional,WT_37C_rep2,2,17.849405589007258,0.988311767578125
CHIN_211,CHIN,1,21,test,3802270,3796820,3807720,37894,38150,10900,provisional,WT_37C_rep2,2,17.989779218774125,0.988311767578125
CHIN_212,CHIN,1,21,test,3802530,3796820,3808240,37897,38153,11420,provisional,WT_37C_rep2,2,17.96868920796665,0.988311767578125
CHIN_213,CHIN,1,21,test,3803260,3798700,3807820,37904,38160,9120,provisional,WT_37C_rep2,2,17.965045545777365,0.988311767578125
CHIN_214,CHIN,1,21,test,3805550,3803270,3807830,37927,38183,4560,provisional,WT_37C_rep2,2,17.58669136946117,0.988311767578125
CHIN_215,CHIN,1,21,test,3805970,3803910,3808030,37931,38187,4120,provisional,WT_37C_rep2,2,17.648540991199628,0.988311767578125
CHIN_216,CHIN,1,44,train,3837400,3836700,3838100,38246,38502,1400,provisional,WT_37C_rep2,2,15.790582059595492,0.988311767578125
CHIN_217,CHIN,1,44,train,3843540,3842940,3844140,38307,38563,1200,provisional,WT_37C_rep2,2,15.984221090010807,0.988311767578125
CHIN_218,CHIN,1,44,train,3875460,3874630,3876290,38626,38882,1660,provisional,WT_37C_rep2,2,22.107488034583913,0.988311767578125
CHIN_219,CHIN,1,44,train,3901680,3900640,3902720,38888,39144,2080,provisional,WT_37C_rep2,2,21.81914466574031,0.988311767578125
CHIN_220,CHIN,1,44,train,3906250,3905540,3906960,38934,39190,1420,provisional,WT_37C_rep2,2,19.0755905511811,0.988311767578125
CHIN_221,CHIN,1,45,validation,4063500,4061600,4065400,40507,40763,3800,provisional,WT_37C_rep2,2,16.41874324532963,0.988311767578125
CHIN_222,CHIN,1,45,validation,4064210,4063250,4065170,40514,40770,1920,provisional,WT_37C_rep2,2,16.716103134167053,0.988311767578125
CHIN_223,CHIN,1,45,validation,4064700,4063900,4065500,40519,40775,1600,provisional,WT_37C_rep2,2,16.978261540836808,0.988311767578125
CHIN_224,CHIN,1,46,validation,4215460,4214840,4216080,42026,42282,1240,provisional,WT_37C_rep2,2,19.520799137082022,0.650726318359375
CHIN_225,CHIN,1,46,validation,4221530,4220330,4222730,42087,42343,2400,provisional,WT_37C_rep2,2,19.439744895699544,0.689056396484375
CHIN_226,CHIN,1,25,train,4251440,4250240,4252640,42386,42642,2400,provisional,WT_37C_rep2,2,35.17897174617879,0.988311767578125
CHIN_227,CHIN,1,25,train,4260840,4259950,4261730,42480,42736,1780,provisional,WT_37C_rep2,2,23.661973135710976,0.988311767578125
CHIN_228,CHIN,1,25,train,4268770,4268140,4269400,42559,42815,1260,provisional,WT_37C_rep2,2,19.27441716844218,0.988311767578125
CHIN_229,CHIN,1,25,train,4282510,4281710,4283310,42697,42953,1600,provisional,WT_37C_rep2,2,16.444773815037827,0.988311767578125
CHIN_230,CHIN,1,47,train,4311440,4310500,4312380,42986,43242,1880,provisional,WT_37C_rep2,2,14.742318974834028,0.988311767578125
CHIN_231,CHIN,1,47,train,4337680,4336710,4338650,43248,43504,1940,provisional,WT_37C_rep2,2,13.762482630847614,0.988311767578125
CHIN_232,CHIN,1,47,train,4360290,4359540,4361040,43474,43730,1500,provisional,WT_37C_rep2,2,23.20077196232824,0.988311767578125
CHIN_233,CHIN,1,47,train,4384200,4383690,4384710,43714,43970,1020,provisional,WT_37C_rep2,2,20.34410992743554,0.988311767578125
CHIN_234,CHIN,1,48,validation,4411230,4409780,4412680,43984,44240,2900,provisional,WT_37C_rep2,2,21.114682723483092,0.988311767578125
CHIN_235,CHIN,1,48,validation,4427260,4426690,4427830,44144,44400,1140,provisional,WT_37C_rep2,2,16.333920024702795,0.988311767578125
CHIN_236,CHIN,1,26,train,4476270,4475240,4477300,44634,44890,2060,provisional,WT_37C_rep2,2,23.188420565076424,0.988311767578125
CHIN_237,CHIN,1,26,train,4480140,4479470,4480810,44673,44929,1340,provisional,WT_37C_rep2,2,16.039524471205805,0.988311767578125
CHIN_238,CHIN,1,26,train,4496440,4495410,4497470,44836,45092,2060,provisional,WT_37C_rep2,2,15.666509073717133,0.839141845703125
CHIN_239,CHIN,1,26,train,4504290,4503670,4504910,44914,45170,1240,provisional,WT_37C_rep2,2,15.173000690984471,0.839141845703125
CHIN_240,CHIN,1,26,train,4504570,4503670,4505470,44917,45173,1800,provisional,WT_37C_rep2,2,15.312397716114486,0.839141845703125
CHIN_241,CHIN,1,26,train,4525460,4524820,4526100,45126,45382,1280,provisional,WT_37C_rep2,2,14.29041222788328,0.988311767578125
CHIN_242,CHIN,1,26,train,4538600,4537470,4539730,45258,45514,2260,provisional,WT_37C_rep2,2,12.317863208275437,0.988311767578125
CHIN_243,CHIN,1,26,train,4540120,4537470,4542770,45273,45529,5300,provisional,WT_37C_rep2,2,12.3967577582214,0.988311767578125
CHIN_244,CHIN,1,26,train,4541500,4540460,4542540,45287,45543,2080,provisional,WT_37C_rep2,2,12.669600123513973,0.988311767578125
CHIN_245,CHIN,1,26,train,4545470,4544360,4546580,45326,45582,2220,provisional,WT_37C_rep2,2,13.080067932684885,0.988311767578125
CHIN_246,CHIN,1,26,train,4556010,4555270,4556750,45432,45688,1480,provisional,WT_37C_rep2,2,12.94275127373784,0.988311767578125
CHIN_247,CHIN,1,26,train,4578120,4576950,4579290,45653,45909,2340,provisional,WT_37C_rep2,2,14.49297514281303,0.988311767578125
CHIN_248,CHIN,1,26,train,4595370,4594330,4596410,45825,46081,2080,provisional,WT_37C_rep2,2,15.055735680098811,0.988311767578125
CHIN_249,CHIN,1,26,train,4603820,4602820,4604820,45910,46166,2000,provisional,WT_37C_rep2,2,13.192867068087077,0.988311767578125
CHIN_250,CHIN,1,26,train,4616940,4616400,4617480,46041,46297,1080,provisional,WT_37C_rep2,2,14.575853018372703,0.988311767578125
CHID_1,CHID,2,0,train,153480.0,149900,157060,1406,1662,7160,provisional,WT_37C_rep2,2,13.937903350316505,0.988311767578125
CHID_2,CHID,2,27,train,315420.0,310750,320090,3026,3282,9340,provisional,WT_37C_rep2,2,14.776479957525883,0.919677734375
CHID_3,CHID,2,29,train,565240.0,558100,572380,5524,5780,14280,provisional,WT_37C_rep2,2,11.137069498490744,0.839141845703125
CHID_4,CHID,2,29,train,580050.0,574340,585760,5672,5928,11420,provisional,WT_37C_rep2,2,9.758509431286342,0.8607177734375
CHID_5,CHID,2,31,train,874750.0,872940,876560,8619,8875,3620,provisional,WT_37C_rep2,2,11.381812567546703,0.988311767578125
CHID_6,CHID,2,33,train,1095100.0,1085960,1104240,10823,11079,18280,provisional,WT_37C_rep2,2,10.540996429178712,0.897369384765625
CHID_7,CHID,2,5,test,1214445.0,1207850,1221040,12016,12272,13190,provisional,WT_37C_rep2,2,11.996325459317585,0.988311767578125
CHID_8,CHID,2,35,train,1545070.0,1543310,1546830,15322,15578,3520,provisional,WT_37C_rep2,2,9.68911642961626,0.980560302734375
CHID_9,CHID,2,35,train,1588450.0,1586640,1590260,15756,16012,3620,provisional,WT_37C_rep2,2,9.225474756831867,0.988311767578125
CHID_10,CHID,2,8,test,1775015.0,1770410,1779620,17622,17878,9210,provisional,WT_37C_rep2,2,10.86716072255674,0.988311767578125
CHID_11,CHID,2,9,train,2106130.0,2101300,2110960,20933,21189,9660,provisional,WT_37C_rep2,2,15.024654897796655,0.919677734375
CHID_12,CHID,2,9,train,2189805.0,2187180,2192430,21770,22026,5250,provisional,WT_37C_rep2,2,12.022294272039524,0.988311767578125
CHID_13,CHID,2,10,train,2385805.0,2382590,2389020,23730,23986,6430,provisional,WT_37C_rep2,2,20.623838196696003,0.988311767578125
CHID_14,CHID,2,11,train,2486470.0,2480590,2492350,24736,24992,11760,provisional,WT_37C_rep2,2,11.483927744326078,0.988311767578125
CHID_15,CHID,2,39,validation,2759355.0,2757490,2761220,27465,27721,3730,provisional,WT_37C_rep2,2,14.792805311100818,0.988311767578125
CHID_16,CHID,2,39,validation,2784710.0,2780610,2788810,27719,27975,8200,provisional,WT_37C_rep2,2,10.601605681642736,0.988311767578125
CHID_17,CHID,2,14,train,2992425.0,2986150,2998700,29796,30052,12550,provisional,WT_37C_rep2,2,12.044456437413567,0.904754638671875
CHID_18,CHID,2,40,validation,3188275.0,3183500,3193050,31754,32010,9550,provisional,WT_37C_rep2,2,18.217796067055687,0.904754638671875
CHID_19,CHID,2,20,train,3633605.0,3631260,3635950,36208,36464,4690,provisional,WT_37C_rep2,2,18.74809430951959,0.860748291015625
CHID_20,CHID,2,20,train,3654840.0,3650910,3658770,36420,36676,7860,provisional,WT_37C_rep2,2,14.549395303051611,0.8680419921875
CHID_21,CHID,2,21,test,3767825.0,3765970,3769680,37550,37806,3710,provisional,WT_37C_rep2,2,16.073029366306027,0.789794921875
CHID_22,CHID,2,21,test,3802635.0,3797060,3808210,37898,38154,11150,provisional,WT_37C_rep2,2,17.97205496371777,0.988311767578125
CHID_23,CHID,2,45,validation,4063250.0,4061010,4065490,40504,40760,4480,provisional,WT_37C_rep2,2,16.38937779836344,0.988311767578125
CHID_24,CHID,2,26,train,4505535.0,4503590,4507480,44927,45183,3890,provisional,WT_37C_rep2,2,15.63926973851693,0.839141845703125
CHID_25,CHID,2,26,train,4540195.0,4533730,4546660,45273,45529,12930,provisional,WT_37C_rep2,2,12.3967577582214,0.988311767578125
CHID_26,CHID,2,26,train,4579115.0,4576950,4581280,45663,45919,4330,provisional,WT_37C_rep2,2,14.435757295044002,0.988311767578125
