structure_id,type,label,group_id,split,center,start,end,max_window_start_bin,max_window_end_bin_exclusive,length_bp,coordinate_status
OPCID_1,OPCID,0,0,train,54800.0,49660,59940,420,676,10280,provisional
OPCID_2,OPCID,0,0,train,90545.0,87820,93270,777,1033,5450,provisional
OPCID_3,OPCID,0,0,train,107560.0,106140,108980,947,1203,2840,provisional
OPCID_4,OPCID,0,0,train,125680.0,121910,129450,1128,1384,7540,provisional
OPCID_5,OPCID,0,0,train,183415.0,182460,184370,1706,1962,1910,provisional
OPCID_6,OPCID,0,0,train,193340.0,192730,193950,1805,2061,1220,provisional
OPCID_7,OPCID,0,0,train,196605.0,194470,198740,1838,2094,4270,provisional
OPCID_8,OPCID,0,0,train,200610.0,199310,201910,1878,2134,2600,provisional
OPCID_9,OPCID,0,1,test,246075.0,243140,249010,2332,2588,5870,provisional
OPCID_10,OPCID,0,27,train,323245.0,321350,325140,3104,3360,3790,provisional
OPCID_11,OPCID,0,2,train,434265.0,426840,441690,4214,4470,14850,provisional
OPCID_12,OPCID,0,3,train,631360.0,629820,632900,6185,6441,3080,provisional
OPCID_13,OPCID,0,3,train,704010.0,699160,708860,6912,7168,9700,provisional
OPCID_14,OPCID,0,3,train,763935.0,762610,765260,7511,7767,2650,provisional
OPCID_15,OPCID,0,3,train,772910.0,771270,774550,7601,7857,3280,provisional
OPCID_16,OPCID,0,4,validation,936550.0,932320,940780,9237,9493,8460,provisional
OPCID_17,OPCID,0,4,validation,952765.0,950090,955440,9399,9655,5350,provisional
OPCID_18,OPCID,0,4,validation,962835.0,961460,964210,9500,9756,2750,provisional
OPCID_19,OPCID,0,33,train,1142785.0,1140560,1145010,11299,11555,4450,provisional
OPCID_20,OPCID,0,5,test,1188635.0,1186860,1190410,11758,12014,3550,provisional
OPCID_21,OPCID,0,5,test,1225115.0,1224080,1226150,12123,12379,2070,provisional
OPCID_22,OPCID,0,5,test,1249435.0,1247430,1251440,12366,12622,4010,provisional
OPCID_23,OPCID,0,6,validation,1303045.0,1295210,1310880,12902,13158,15670,provisional
OPCID_24,OPCID,0,6,validation,1339875.0,1337800,1341950,13270,13526,4150,provisional
OPCID_25,OPCID,0,6,validation,1353900.0,1350060,1357740,13411,13667,7680,provisional
OPCID_26,OPCID,0,35,train,1667485.0,1666390,1668580,16546,16802,2190,provisional
OPCID_27,OPCID,0,7,train,1700815.0,1695830,1705800,16880,17136,9970,provisional
OPCID_28,OPCID,0,8,test,1735455.0,1732990,1737920,17226,17482,4930,provisional
OPCID_29,OPCID,0,8,test,1744300.0,1741110,1747490,17315,17571,6380,provisional
OPCID_30,OPCID,0,8,test,1800875.0,1798820,1802930,17880,18136,4110,provisional
OPCID_31,OPCID,0,9,train,2143430.0,2139120,2147740,21306,21562,8620,provisional
OPCID_32,OPCID,0,9,train,2213470.0,2211940,2215000,22006,22262,3060,provisional
OPCID_33,OPCID,0,9,train,2261500.0,2259040,2263960,22487,22743,4920,provisional
OPCID_34,OPCID,0,10,train,2391205.0,2389410,2393000,23784,24040,3590,provisional
OPCID_35,OPCID,0,10,train,2395285.0,2393000,2397570,23824,24080,4570,provisional
OPCID_36,OPCID,0,11,train,2441140.0,2440390,2441890,24283,24539,1500,provisional
OPCID_37,OPCID,0,12,validation,2530925.0,2529590,2532260,25181,25437,2670,provisional
OPCID_38,OPCID,0,12,validation,2534700.0,2532990,2536410,25219,25475,3420,provisional
OPCID_39,OPCID,0,12,validation,2543875.0,2543000,2544750,25310,25566,1750,provisional
OPCID_40,OPCID,0,12,validation,2564415.0,2563220,2565610,25516,25772,2390,provisional
OPCID_41,OPCID,0,13,train,2640260.0,2637380,2643140,26274,26530,5760,provisional
OPCID_42,OPCID,0,13,train,2650405.0,2647290,2653520,26376,26632,6230,provisional
OPCID_43,OPCID,0,13,train,2662635.0,2661520,2663750,26498,26754,2230,provisional
OPCID_44,OPCID,0,13,train,2687760.0,2683840,2691680,26749,27005,7840,provisional
OPCID_45,OPCID,0,13,train,2709400.0,2708310,2710490,26966,27222,2180,provisional
OPCID_46,OPCID,0,14,train,2868480.0,2866350,2870610,28556,28812,4260,provisional
OPCID_47,OPCID,0,14,train,2919995.0,2917350,2922640,29071,29327,5290,provisional
OPCID_48,OPCID,0,14,train,2941115.0,2939250,2942980,29283,29539,3730,provisional
OPCID_49,OPCID,0,14,train,2966770.0,2964460,2969080,29539,29795,4620,provisional
OPCID_50,OPCID,0,14,train,3014260.0,3012260,3016260,30014,30270,4000,provisional
OPCID_51,OPCID,0,15,train,3041670.0,3040170,3043170,30288,30544,3000,provisional
OPCID_52,OPCID,0,15,train,3048625.0,3046160,3051090,30358,30614,4930,provisional
OPCID_53,OPCID,0,16,validation,3274080.0,3269380,3278780,32612,32868,9400,provisional
OPCID_54,OPCID,0,17,train,3380450.0,3375910,3384990,33676,33932,9080,provisional
OPCID_55,OPCID,0,18,test,3444155.0,3439610,3448700,34313,34569,9090,provisional
OPCID_56,OPCID,0,19,train,3550190.0,3547440,3552940,35373,35629,5500,provisional
OPCID_57,OPCID,0,19,train,3554600.0,3552940,3556260,35418,35674,3320,provisional
OPCID_58,OPCID,0,20,train,3640905.0,3638960,3642850,36281,36537,3890,provisional
OPCID_59,OPCID,0,21,test,3737655.0,3735170,3740140,37248,37504,4970,provisional
OPCID_60,OPCID,0,44,train,3866740.0,3864340,3869140,38539,38795,4800,provisional
OPCID_61,OPCID,0,44,train,3919190.0,3911270,3927110,39063,39319,15840,provisional
OPCID_62,OPCID,0,22,train,3994520.0,3986190,4002850,39817,40073,16660,provisional
OPCID_63,OPCID,0,23,train,4021825.0,4015990,4027660,40090,40346,11670,provisional
OPCID_64,OPCID,0,24,test,4117900.0,4115250,4120550,41051,41307,5300,provisional
OPCID_65,OPCID,0,25,train,4256135.0,4252060,4260210,42433,42689,8150,provisional
OPCID_66,OPCID,0,25,train,4279295.0,4276470,4282120,42664,42920,5650,provisional
OPCID_67,OPCID,0,26,train,4484420.0,4480430,4488410,44716,44972,7980,provisional
OPCID_68,OPCID,0,26,train,4585100.0,4583060,4587140,45723,45979,4080,provisional
CHIN_1,CHIN,1,0,train,58840,58260,59420,460,716,1160,provisional
CHIN_2,CHIN,1,0,train,84660,83460,85860,718,974,2400,provisional
CHIN_3,CHIN,1,0,train,151330,150060,152600,1385,1641,2540,provisional
CHIN_4,CHIN,1,0,train,151800,150060,153540,1390,1646,3480,provisional
CHIN_5,CHIN,1,0,train,152340,150060,154620,1395,1651,4560,provisional
CHIN_6,CHIN,1,0,train,154620,153540,155700,1418,1674,2160,provisional
CHIN_7,CHIN,1,0,train,156730,156170,157290,1439,1695,1120,provisional
CHIN_8,CHIN,1,0,train,180380,179740,181020,1675,1931,1280,provisional
CHIN_9,CHIN,1,1,test,237970,237000,238940,2251,2507,1940,provisional
CHIN_10,CHIN,1,1,test,253060,252280,253840,2402,2658,1560,provisional
CHIN_11,CHIN,1,1,test,256400,252280,260520,2436,2692,8240,provisional
CHIN_12,CHIN,1,1,test,259590,258700,260480,2467,2723,1780,provisional
CHIN_13,CHIN,1,1,test,262940,262320,263560,2501,2757,1240,provisional
CHIN_14,CHIN,1,27,train,293940,292430,295450,2811,3067,3020,provisional
CHIN_15,CHIN,1,27,train,295670,294940,296400,2828,3084,1460,provisional
CHIN_16,CHIN,1,27,train,297230,296440,298020,2844,3100,1580,provisional
CHIN_17,CHIN,1,27,train,303370,302620,304120,2905,3161,1500,provisional
CHIN_18,CHIN,1,27,train,313510,312500,314520,3007,3263,2020,provisional
CHIN_19,CHIN,1,27,train,319130,318290,319970,3063,3319,1680,provisional
CHIN_20,CHIN,1,27,train,336060,335190,336930,3232,3488,1740,provisional
CHIN_21,CHIN,1,27,train,344510,343740,345280,3317,3573,1540,provisional
CHIN_22,CHIN,1,2,train,432280,431650,432910,4194,4450,1260,provisional
CHIN_23,CHIN,1,28,train,480640,479730,481550,4678,4934,1820,provisional
CHIN_24,CHIN,1,29,train,516310,515700,516920,5035,5291,1220,provisional
CHIN_25,CHIN,1,29,train,528090,526710,529470,5152,5408,2760,provisional
CHIN_26,CHIN,1,29,train,537030,535810,538250,5242,5498,2440,provisional
CHIN_27,CHIN,1,29,train,538330,537490,539170,5255,5511,1680,provisional
CHIN_28,CHIN,1,29,train,545940,545170,546710,5331,5587,1540,provisional
CHIN_29,CHIN,1,29,train,559250,558190,560310,5464,5720,2120,provisional
CHIN_30,CHIN,1,29,train,559700,558190,561210,5469,5725,3020,provisional
CHIN_31,CHIN,1,29,train,563390,562020,564760,5505,5761,2740,provisional
CHIN_32,CHIN,1,29,train,566470,563970,568970,5536,5792,5000,provisional
CHIN_33,CHIN,1,29,train,569490,568090,570890,5566,5822,2800,provisional
CHIN_34,CHIN,1,29,train,570950,569420,572480,5581,5837,3060,provisional
CHIN_35,CHIN,1,29,train,571570,570750,572390,5587,5843,1640,provisional
CHIN_36,CHIN,1,29,train,584340,582900,585780,5715,5971,2880,provisional
CHIN_37,CHIN,1,3,train,618620,617720,619520,6058,6314,1800,provisional
CHIN_38,CHIN,1,3,train,637220,636260,638180,6244,6500,1920,provisional
CHIN_39,CHIN,1,3,train,656290,655540,657040,6434,6690,1500,provisional
CHIN_40,CHIN,1,3,train,661540,660590,662490,6487,6743,1900,provisional
CHIN_41,CHIN,1,3,train,676920,676260,677580,6641,6897,1320,provisional
CHIN_42,CHIN,1,3,train,678270,676260,680280,6654,6910,4020,provisional
CHIN_43,CHIN,1,3,train,716370,715620,717120,7035,7291,1500,provisional
CHIN_44,CHIN,1,3,train,720720,720100,721340,7079,7335,1240,provisional
CHIN_45,CHIN,1,3,train,734700,732990,736410,7219,7475,3420,provisional
CHIN_46,CHIN,1,3,train,737380,735680,739080,7245,7501,3400,provisional
CHIN_47,CHIN,1,3,train,748820,748180,749460,7360,7616,1280,provisional
CHIN_48,CHIN,1,3,train,752470,751750,753190,7396,7652,1440,provisional
CHIN_49,CHIN,1,30,train,801100,799970,802230,7883,8139,2260,provisional
CHIN_50,CHIN,1,30,train,821020,820280,821760,8082,8338,1480,provisional
CHIN_51,CHIN,1,31,train,874680,872520,876840,8618,8874,4320,provisional
CHIN_52,CHIN,1,32,test,998190,997460,998920,9853,10109,1460,provisional
CHIN_53,CHIN,1,32,test,999020,998130,999910,9862,10118,1780,provisional
CHIN_54,CHIN,1,33,train,1050110,1049000,1051220,10373,10629,2220,provisional
CHIN_55,CHIN,1,33,train,1051660,1050610,1052710,10388,10644,2100,provisional
CHIN_56,CHIN,1,33,train,1064940,1064050,1065830,10521,10777,1780,provisional
CHIN_57,CHIN,1,33,train,1087640,1086240,1089040,10748,11004,2800,provisional
CHIN_58,CHIN,1,33,train,1088450,1087590,1089310,10756,11012,1720,provisional
CHIN_59,CHIN,1,33,train,1090080,1086240,1093920,10772,11028,7680,provisional
CHIN_60,CHIN,1,33,train,1092530,1090720,1094340,10797,11053,3620,provisional
CHIN_61,CHIN,1,33,train,1094720,1092650,1096790,10819,11075,4140,provisional
CHIN_62,CHIN,1,33,train,1102680,1101500,1103860,10898,11154,2360,provisional
CHIN_63,CHIN,1,33,train,1104700,1103980,1105420,10919,11175,1440,provisional
CHIN_64,CHIN,1,33,train,1118630,1117780,1119480,11058,11314,1700,provisional
CHIN_65,CHIN,1,33,train,1120190,1118940,1121440,11073,11329,2500,provisional
CHIN_66,CHIN,1,5,test,1181130,1180270,1181990,11683,11939,1720,provisional
CHIN_67,CHIN,1,5,test,1198500,1196620,1200380,11857,12113,3760,provisional
CHIN_68,CHIN,1,5,test,1198940,1197850,1200030,11861,12117,2180,provisional
CHIN_69,CHIN,1,5,test,1202600,1201850,1203350,11898,12154,1500,provisional
CHIN_70,CHIN,1,5,test,1211390,1209910,1212870,11985,12241,2960,provisional
CHIN_71,CHIN,1,5,test,1215720,1214260,1217180,12029,12285,2920,provisional
CHIN_72,CHIN,1,5,test,1217410,1215940,1218880,12046,12302,2940,provisional
CHIN_73,CHIN,1,5,test,1218490,1215940,1221040,12056,12312,5100,provisional
CHIN_74,CHIN,1,5,test,1219170,1217950,1220390,12063,12319,2440,provisional
CHIN_75,CHIN,1,5,test,1220140,1219500,1220780,12073,12329,1280,provisional
CHIN_76,CHIN,1,5,test,1229860,1228980,1230740,12170,12426,1760,provisional
CHIN_77,CHIN,1,6,validation,1315530,1314540,1316520,13027,13283,1980,provisional
CHIN_78,CHIN,1,6,validation,1371090,1369780,1372400,13582,13838,2620,provisional
CHIN_79,CHIN,1,6,validation,1382580,1381410,1383750,13697,13953,2340,provisional
CHIN_80,CHIN,1,6,validation,1395060,1393890,1396230,13822,14078,2340,provisional
CHIN_81,CHIN,1,6,validation,1411910,1411210,1412610,13991,14247,1400,provisional
CHIN_82,CHIN,1,6,validation,1413340,1412520,1414160,14005,14261,1640,provisional
CHIN_83,CHIN,1,6,validation,1418360,1417480,1419240,14055,14311,1760,provisional
CHIN_84,CHIN,1,6,validation,1420000,1419250,1420750,14072,14328,1500,provisional
CHIN_85,CHIN,1,34,train,1476340,1475330,1477350,14635,14891,2020,provisional
CHIN_86,CHIN,1,34,train,1477500,1475330,1479670,14647,14903,4340,provisional
CHIN_87,CHIN,1,35,train,1520650,1519960,1521340,15078,15334,1380,provisional
CHIN_88,CHIN,1,35,train,1528670,1526710,1530630,15158,15414,3920,provisional
CHIN_89,CHIN,1,35,train,1531080,1529440,1532720,15182,15438,3280,provisional
CHIN_90,CHIN,1,35,train,1566940,1566010,1567870,15541,15797,1860,provisional
CHIN_91,CHIN,1,35,train,1576120,1575090,1577150,15633,15889,2060,provisional
CHIN_92,CHIN,1,35,train,1579440,1577970,1580910,15666,15922,2940,provisional
CHIN_93,CHIN,1,35,train,1582740,1581250,1584230,15699,15955,2980,provisional
CHIN_94,CHIN,1,35,train,1588270,1586080,1590460,15754,16010,4380,provisional
CHIN_95,CHIN,1,35,train,1597450,1596300,1598600,15846,16102,2300,provisional
CHIN_96,CHIN,1,35,train,1616220,1615310,1617130,16034,16290,1820,provisional
CHIN_97,CHIN,1,35,train,1631780,1630880,1632680,16189,16445,1800,provisional
CHIN_98,CHIN,1,35,train,1638030,1636990,1639070,16252,16508,2080,provisional
CHIN_99,CHIN,1,35,train,1648130,1646300,1649960,16353,16609,3660,provisional
CHIN_100,CHIN,1,8,test,1754330,1753290,1755370,17415,17671,2080,provisional
CHIN_101,CHIN,1,8,test,1772920,1771840,1774000,17601,17857,2160,provisional
CHIN_102,CHIN,1,8,test,1776220,1775480,1776960,17634,17890,1480,provisional
CHIN_103,CHIN,1,8,test,1803960,1802700,1805220,17911,18167,2520,provisional
CHIN_104,CHIN,1,36,train,1844500,1843870,1845130,18317,18573,1260,provisional
CHIN_105,CHIN,1,36,train,1853600,1852690,1854510,18408,18664,1820,provisional
CHIN_106,CHIN,1,36,train,1857300,1856500,1858100,18445,18701,1600,provisional
CHIN_107,CHIN,1,36,train,1870970,1869840,1872100,18581,18837,2260,provisional
CHIN_108,CHIN,1,36,train,1871900,1869840,1873960,18591,18847,4120,provisional
CHIN_109,CHIN,1,37,train,2011690,2010930,2012450,19988,20244,1520,provisional
CHIN_110,CHIN,1,37,train,2024070,2023320,2024820,20112,20368,1500,provisional
CHIN_111,CHIN,1,37,train,2036560,2035550,2037570,20237,20493,2020,provisional
CHIN_112,CHIN,1,37,train,2052880,2052200,2053560,20400,20656,1360,provisional
CHIN_113,CHIN,1,37,train,2057090,2056360,2057820,20442,20698,1460,provisional
CHIN_114,CHIN,1,9,train,2103680,2102940,2104420,20908,21164,1480,provisional
CHIN_115,CHIN,1,9,train,2104430,2102940,2105920,20916,21172,2980,provisional
CHIN_116,CHIN,1,9,train,2104690,2102940,2106440,20918,21174,3500,provisional
CHIN_117,CHIN,1,9,train,2105690,2103970,2107410,20928,21184,3440,provisional
CHIN_118,CHIN,1,9,train,2106520,2105150,2107890,20937,21193,2740,provisional
CHIN_119,CHIN,1,9,train,2106930,2105150,2108710,20941,21197,3560,provisional
CHIN_120,CHIN,1,9,train,2107810,2106480,2109140,20950,21206,2660,provisional
CHIN_121,CHIN,1,9,train,2109850,2108740,2110960,20970,21226,2220,provisional
CHIN_122,CHIN,1,9,train,2114690,2114070,2115310,21018,21274,1240,provisional
CHIN_123,CHIN,1,9,train,2129530,2128380,2130680,21167,21423,2300,provisional
CHIN_124,CHIN,1,9,train,2168950,2167780,2170120,21561,21817,2340,provisional
CHIN_125,CHIN,1,9,train,2171360,2169510,2173210,21585,21841,3700,provisional
CHIN_126,CHIN,1,9,train,2173660,2172240,2175080,21608,21864,2840,provisional
CHIN_127,CHIN,1,9,train,2179170,2178150,2180190,21663,21919,2040,provisional
CHIN_128,CHIN,1,9,train,2188070,2187330,2188810,21752,22008,1480,provisional
CHIN_129,CHIN,1,9,train,2188940,2188010,2189870,21761,22017,1860,provisional
CHIN_130,CHIN,1,9,train,2190070,2187330,2192810,21772,22028,5480,provisional
CHIN_131,CHIN,1,9,train,2191390,2190110,2192670,21785,22041,2560,provisional
CHIN_132,CHIN,1,9,train,2233620,2233020,2234220,22208,22464,1200,provisional
CHIN_133,CHIN,1,9,train,2238520,2237570,2239470,22257,22513,1900,provisional
CHIN_134,CHIN,1,9,train,2255470,2254830,2256110,22426,22682,1280,provisional
CHIN_135,CHIN,1,9,train,2258650,2257770,2259530,22458,22714,1760,provisional
CHIN_136,CHIN,1,38,train,2344010,2343360,2344660,23312,23568,1300,provisional
CHIN_137,CHIN,1,10,train,2384140,2383080,2385200,23713,23969,2120,provisional
CHIN_138,CHIN,1,10,train,2386390,2385750,2387030,23735,23991,1280,provisional
CHIN_139,CHIN,1,10,train,2387300,2385750,2388850,23745,24001,3100,provisional
CHIN_140,CHIN,1,11,train,2455490,2454600,2456380,24426,24682,1780,provisional
CHIN_141,CHIN,1,11,train,2463480,2462580,2464380,24506,24762,1800,provisional
CHIN_142,CHIN,1,11,train,2482340,2480930,2483750,24695,24951,2820,provisional
CHIN_143,CHIN,1,11,train,2483880,2480930,2486830,24710,24966,5900,provisional
CHIN_144,CHIN,1,11,train,2484510,2482490,2486530,24717,24973,4040,provisional
CHIN_145,CHIN,1,11,train,2486740,2485190,2488290,24739,24995,3100,provisional
CHIN_146,CHIN,1,11,train,2489490,2488280,2490700,24766,25022,2420,provisional
CHIN_147,CHIN,1,11,train,2492890,2491890,2493890,24800,25056,2000,provisional
CHIN_148,CHIN,1,13,train,2629410,2628290,2630530,26166,26422,2240,provisional
CHIN_149,CHIN,1,13,train,2653750,2653160,2654340,26409,26665,1180,provisional
CHIN_150,CHIN,1,13,train,2700290,2699740,2700840,26874,27130,1100,provisional
CHIN_151,CHIN,1,39,validation,2758590,2757510,2759670,27457,27713,2160,provisional
CHIN_152,CHIN,1,39,validation,2759520,2757510,2761530,27467,27723,4020,provisional
CHIN_153,CHIN,1,39,validation,2774270,2773010,2775530,27614,27870,2520,provisional
CHIN_154,CHIN,1,39,validation,2783470,2781040,2785900,27706,27962,4860,provisional
CHIN_155,CHIN,1,39,validation,2785360,2784290,2786430,27725,27981,2140,provisional
CHIN_156,CHIN,1,39,validation,2786760,2784290,2789230,27739,27995,4940,provisional
CHIN_157,CHIN,1,39,validation,2788030,2787400,2788660,27752,28008,1260,provisional
CHIN_158,CHIN,1,39,validation,2798070,2797390,2798750,27852,28108,1360,provisional
CHIN_159,CHIN,1,39,validation,2805050,2804290,2805810,27922,28178,1520,provisional
CHIN_160,CHIN,1,14,train,2883680,2882580,2884780,28708,28964,2200,provisional
CHIN_161,CHIN,1,14,train,2900070,2899270,2900870,28872,29128,1600,provisional
CHIN_162,CHIN,1,14,train,2904980,2903620,2906340,28921,29177,2720,provisional
CHIN_163,CHIN,1,14,train,2934180,2933470,2934890,29213,29469,1420,provisional
CHIN_164,CHIN,1,14,train,2987170,2986330,2988010,29743,29999,1680,provisional
CHIN_165,CHIN,1,14,train,2988580,2986330,2990830,29757,30013,4500,provisional
CHIN_166,CHIN,1,14,train,2991880,2986330,2997430,29790,30046,11100,provisional
CHIN_167,CHIN,1,14,train,2995020,2993620,2996420,29822,30078,2800,provisional
CHIN_168,CHIN,1,14,train,2997100,2995130,2999070,29843,30099,3940,provisional
CHIN_169,CHIN,1,15,train,3054480,3053730,3055230,30416,30672,1500,provisional
CHIN_170,CHIN,1,15,train,3078170,3076900,3079440,30653,30909,2540,provisional
CHIN_171,CHIN,1,40,validation,3186720,3185610,3187830,31739,31995,2220,provisional
CHIN_172,CHIN,1,40,validation,3188270,3187520,3189020,31754,32010,1500,provisional
CHIN_173,CHIN,1,40,validation,3189500,3187520,3191480,31767,32023,3960,provisional
CHIN_174,CHIN,1,40,validation,3190360,3188660,3192060,31775,32031,3400,provisional
CHIN_175,CHIN,1,40,validation,3191090,3189930,3192250,31782,32038,2320,provisional
CHIN_176,CHIN,1,40,validation,3191820,3190810,3192830,31790,32046,2020,provisional
CHIN_177,CHIN,1,40,validation,3206110,3205500,3206720,31933,32189,1220,provisional
CHIN_178,CHIN,1,40,validation,3226940,3225680,3228200,32141,32397,2520,provisional
CHIN_179,CHIN,1,16,validation,3262950,3262150,3263750,32501,32757,1600,provisional
CHIN_180,CHIN,1,16,validation,3265690,3264890,3266490,32528,32784,1600,provisional
CHIN_181,CHIN,1,16,validation,3268770,3267680,3269860,32559,32815,2180,provisional
CHIN_182,CHIN,1,16,validation,3287930,3286970,3288890,32751,33007,1920,provisional
CHIN_183,CHIN,1,41,train,3321420,3320530,3322310,33086,33342,1780,provisional
CHIN_184,CHIN,1,41,train,3330530,3329880,3331180,33177,33433,1300,provisional
CHIN_185,CHIN,1,17,train,3361650,3360590,3362710,33488,33744,2120,provisional
CHIN_186,CHIN,1,42,train,3413370,3412610,3414130,34005,34261,1520,provisional
CHIN_187,CHIN,1,43,train,3582560,3581640,3583480,35697,35953,1840,provisional
CHIN_188,CHIN,1,43,train,3583870,3582640,3585100,35710,35966,2460,provisional
CHIN_189,CHIN,1,20,train,3632650,3631380,3633920,36198,36454,2540,provisional
CHIN_190,CHIN,1,20,train,3633070,3631380,3634760,36202,36458,3380,provisional
CHIN_191,CHIN,1,20,train,3633850,3631380,3636320,36210,36466,4940,provisional
CHIN_192,CHIN,1,20,train,3635140,3634410,3635870,36223,36479,1460,provisional
CHIN_193,CHIN,1,20,train,3652560,3651080,3654040,36397,36653,2960,provisional
CHIN_194,CHIN,1,20,train,3654320,3653170,3655470,36415,36671,2300,provisional
CHIN_195,CHIN,1,20,train,3656860,3655000,3658720,36440,36696,3720,provisional
CHIN_196,CHIN,1,20,train,3657730,3656690,3658770,36449,36705,2080,provisional
CHIN_197,CHIN,1,20,train,3665150,3664320,3665980,36523,36779,1660,provisional
CHIN_198,CHIN,1,20,train,3674500,3673940,3675060,36617,36873,1120,provisional
CHIN_199,CHIN,1,21,test,3721190,3720060,3722320,37083,37339,2260,provisional
CHIN_200,CHIN,1,21,test,3732070,3730830,3733310,37192,37448,2480,provisional
CHIN_201,CHIN,1,21,test,3745150,3743830,3746470,37323,37579,2640,provisional
CHIN_202,CHIN,1,21,test,3767270,3766010,3768530,37544,37800,2520,provisional
CHIN_203,CHIN,1,21,test,3768770,3767450,3770090,37559,37815,2640,provisional
CHIN_204,CHIN,1,21,test,3789700,3788920,3790480,37769,38025,1560,provisional
CHIN_205,CHIN,1,21,test,3798040,3796820,3799260,37852,38108,2440,provisional
CHIN_206,CHIN,1,21,test,3798440,3796820,3800060,37856,38112,3240,provisional
CHIN_207,CHIN,1,21,test,3799040,3796820,3801260,37862,38118,4440,provisional
CHIN_208,CHIN,1,21,test,3799880,3796820,3802940,37870,38126,6120,provisional
CHIN_209,CHIN,1,21,test,3800410,3796820,3804000,37876,38132,7180,provisional
CHIN_210,CHIN,1,21,test,3801660,3796820,3806500,37888,38144,9680,provisional
CHIN_211,CHIN,1,21,test,3802270,3796820,3807720,37894,38150,10900,provisional
CHIN_212,CHIN,1,21,test,3802530,3796820,3808240,37897,38153,11420,provisional
CHIN_213,CHIN,1,21,test,3803260,3798700,3807820,37904,38160,9120,provisional
CHIN_214,CHIN,1,21,test,3805550,3803270,3807830,37927,38183,4560,provisional
CHIN_215,CHIN,1,21,test,3805970,3803910,3808030,37931,38187,4120,provisional
CHIN_216,CHIN,1,44,train,3837400,3836700,3838100,38246,38502,1400,provisional
CHIN_217,CHIN,1,44,train,3843540,3842940,3844140,38307,38563,1200,provisional
CHIN_218,CHIN,1,44,train,3875460,3874630,3876290,38626,38882,1660,provisional
CHIN_219,CHIN,1,44,train,3901680,3900640,3902720,38888,39144,2080,provisional
CHIN_220,CHIN,1,44,train,3906250,3905540,3906960,38934,39190,1420,provisional
CHIN_221,CHIN,1,45,validation,4063500,4061600,4065400,40507,40763,3800,provisional
CHIN_222,CHIN,1,45,validation,4064210,4063250,4065170,40514,40770,1920,provisional
CHIN_223,CHIN,1,45,validation,4064700,4063900,4065500,40519,40775,1600,provisional
CHIN_224,CHIN,1,46,validation,4215460,4214840,4216080,42026,42282,1240,provisional
CHIN_225,CHIN,1,46,validation,4221530,4220330,4222730,42087,42343,2400,provisional
CHIN_226,CHIN,1,25,train,4251440,4250240,4252640,42386,42642,2400,provisional
CHIN_227,CHIN,1,25,train,4260840,4259950,4261730,42480,42736,1780,provisional
CHIN_228,CHIN,1,25,train,4268770,4268140,4269400,42559,42815,1260,provisional
CHIN_229,CHIN,1,25,train,4282510,4281710,4283310,42697,42953,1600,provisional
CHIN_230,CHIN,1,47,train,4311440,4310500,4312380,42986,43242,1880,provisional
CHIN_231,CHIN,1,47,train,4337680,4336710,4338650,43248,43504,1940,provisional
CHIN_232,CHIN,1,47,train,4360290,4359540,4361040,43474,43730,1500,provisional
CHIN_233,CHIN,1,47,train,4384200,4383690,4384710,43714,43970,1020,provisional
CHIN_234,CHIN,1,48,validation,4411230,4409780,4412680,43984,44240,2900,provisional
CHIN_235,CHIN,1,48,validation,4427260,4426690,4427830,44144,44400,1140,provisional
CHIN_236,CHIN,1,26,train,4476270,4475240,4477300,44634,44890,2060,provisional
CHIN_237,CHIN,1,26,train,4480140,4479470,4480810,44673,44929,1340,provisional
CHIN_238,CHIN,1,26,train,4496440,4495410,4497470,44836,45092,2060,provisional
CHIN_239,CHIN,1,26,train,4504290,4503670,4504910,44914,45170,1240,provisional
CHIN_240,CHIN,1,26,train,4504570,4503670,4505470,44917,45173,1800,provisional
CHIN_241,CHIN,1,26,train,4525460,4524820,4526100,45126,45382,1280,provisional
CHIN_242,CHIN,1,26,train,4538600,4537470,4539730,45258,45514,2260,provisional
CHIN_243,CHIN,1,26,train,4540120,4537470,4542770,45273,45529,5300,provisional
CHIN_244,CHIN,1,26,train,4541500,4540460,4542540,45287,45543,2080,provisional
CHIN_245,CHIN,1,26,train,4545470,4544360,4546580,45326,45582,2220,provisional
CHIN_246,CHIN,1,26,train,4556010,4555270,4556750,45432,45688,1480,provisional
CHIN_247,CHIN,1,26,train,4578120,4576950,4579290,45653,45909,2340,provisional
CHIN_248,CHIN,1,26,train,4595370,4594330,4596410,45825,46081,2080,provisional
CHIN_249,CHIN,1,26,train,4603820,4602820,4604820,45910,46166,2000,provisional
CHIN_250,CHIN,1,26,train,4616940,4616400,4617480,46041,46297,1080,provisional
CHID_1,CHID,2,0,train,153480.0,149900,157060,1406,1662,7160,provisional
CHID_2,CHID,2,27,train,315420.0,310750,320090,3026,3282,9340,provisional
CHID_3,CHID,2,29,train,565240.0,558100,572380,5524,5780,14280,provisional
CHID_4,CHID,2,29,train,580050.0,574340,585760,5672,5928,11420,provisional
CHID_5,CHID,2,31,train,874750.0,872940,876560,8619,8875,3620,provisional
CHID_6,CHID,2,33,train,1095100.0,1085960,1104240,10823,11079,18280,provisional
CHID_7,CHID,2,5,test,1214445.0,1207850,1221040,12016,12272,13190,provisional
CHID_8,CHID,2,35,train,1545070.0,1543310,1546830,15322,15578,3520,provisional
CHID_9,CHID,2,35,train,1588450.0,1586640,1590260,15756,16012,3620,provisional
CHID_10,CHID,2,8,test,1775015.0,1770410,1779620,17622,17878,9210,provisional
CHID_11,CHID,2,9,train,2106130.0,2101300,2110960,20933,21189,9660,provisional
CHID_12,CHID,2,9,train,2189805.0,2187180,2192430,21770,22026,5250,provisional
CHID_13,CHID,2,10,train,2385805.0,2382590,2389020,23730,23986,6430,provisional
CHID_14,CHID,2,11,train,2486470.0,2480590,2492350,24736,24992,11760,provisional
CHID_15,CHID,2,39,validation,2759355.0,2757490,2761220,27465,27721,3730,provisional
CHID_16,CHID,2,39,validation,2784710.0,2780610,2788810,27719,27975,8200,provisional
CHID_17,CHID,2,14,train,2992425.0,2986150,2998700,29796,30052,12550,provisional
CHID_18,CHID,2,40,validation,3188275.0,3183500,3193050,31754,32010,9550,provisional
CHID_19,CHID,2,20,train,3633605.0,3631260,3635950,36208,36464,4690,provisional
CHID_20,CHID,2,20,train,3654840.0,3650910,3658770,36420,36676,7860,provisional
CHID_21,CHID,2,21,test,3767825.0,3765970,3769680,37550,37806,3710,provisional
CHID_22,CHID,2,21,test,3802635.0,3797060,3808210,37898,38154,11150,provisional
CHID_23,CHID,2,45,validation,4063250.0,4061010,4065490,40504,40760,4480,provisional
CHID_24,CHID,2,26,train,4505535.0,4503590,4507480,44927,45183,3890,provisional
CHID_25,CHID,2,26,train,4540195.0,4533730,4546660,45273,45529,12930,provisional
CHID_26,CHID,2,26,train,4579115.0,4576950,4581280,45663,45919,4330,provisional
