structure_id_a,type_a,structure_id_b,type_b,overlap_bp,identical_interval
OPCID_1,OPCID,CHIN_1,CHIN,1160,False
OPCID_11,OPCID,CHIN_22,CHIN,1260,False
OPCID_30,OPCID,CHIN_103,CHIN,230,False
OPCID_33,OPCID,CHIN_135,CHIN,490,False
OPCID_42,OPCID,CHIN_149,CHIN,360,False
OPCID_53,OPCID,CHIN_181,CHIN,480,False
OPCID_65,OPCID,CHIN_226,CHIN,580,False
OPCID_65,OPCID,CHIN_227,CHIN,260,False
OPCID_66,OPCID,CHIN_229,CHIN,410,False
OPCID_67,OPCID,CHIN_237,CHIN,380,False
CHIN_3,CHIN,CHIN_4,CHIN,2540,False
CHIN_3,CHIN,CHIN_5,CHIN,2540,False
CHIN_3,CHIN,CHID_1,CHID,2540,False
CHIN_4,CHIN,CHIN_5,CHIN,3480,False
CHIN_4,CHIN,CHID_1,CHID,3480,False
CHIN_5,CHIN,CHIN_6,CHIN,1080,False
CHIN_5,CHIN,CHID_1,CHID,4560,False
CHIN_6,CHIN,CHID_1,CHID,2160,False
CHIN_7,CHIN,CHID_1,CHID,890,False
CHIN_10,CHIN,CHIN_11,CHIN,1560,False
CHIN_11,CHIN,CHIN_12,CHIN,1780,False
CHIN_14,CHIN,CHIN_15,CHIN,510,False
CHIN_18,CHIN,CHID_2,CHID,2020,False
CHIN_19,CHIN,CHID_2,CHID,1680,False
CHIN_26,CHIN,CHIN_27,CHIN,760,False
CHIN_29,CHIN,CHIN_30,CHIN,2120,False
CHIN_29,CHIN,CHID_3,CHID,2120,False
CHIN_30,CHIN,CHID_3,CHID,3020,False
CHIN_31,CHIN,CHIN_32,CHIN,790,False
CHIN_31,CHIN,CHID_3,CHID,2740,False
CHIN_32,CHIN,CHIN_33,CHIN,880,False
CHIN_32,CHIN,CHID_3,CHID,5000,False
CHIN_33,CHIN,CHIN_34,CHIN,1470,False
CHIN_33,CHIN,CHIN_35,CHIN,140,False
CHIN_33,CHIN,CHID_3,CHID,2800,False
CHIN_34,CHIN,CHIN_35,CHIN,1640,False
CHIN_34,CHIN,CHID_3,CHID,2960,False
CHIN_35,CHIN,CHID_3,CHID,1630,False
CHIN_36,CHIN,CHID_4,CHID,2860,False
CHIN_41,CHIN,CHIN_42,CHIN,1320,False
CHIN_45,CHIN,CHIN_46,CHIN,730,False
CHIN_51,CHIN,CHID_5,CHID,3620,False
CHIN_52,CHIN,CHIN_53,CHIN,790,False
CHIN_54,CHIN,CHIN_55,CHIN,610,False
CHIN_57,CHIN,CHIN_58,CHIN,1450,False
CHIN_57,CHIN,CHIN_59,CHIN,2800,False
CHIN_57,CHIN,CHID_6,CHID,2800,False
CHIN_58,CHIN,CHIN_59,CHIN,1720,False
CHIN_58,CHIN,CHID_6,CHID,1720,False
CHIN_59,CHIN,CHIN_60,CHIN,3200,False
CHIN_59,CHIN,CHIN_61,CHIN,1270,False
CHIN_59,CHIN,CHID_6,CHID,7680,False
CHIN_60,CHIN,CHIN_61,CHIN,1690,False
CHIN_60,CHIN,CHID_6,CHID,3620,False
CHIN_61,CHIN,CHID_6,CHID,4140,False
CHIN_62,CHIN,CHID_6,CHID,2360,False
CHIN_63,CHIN,CHID_6,CHID,260,False
CHIN_64,CHIN,CHIN_65,CHIN,540,False
CHIN_67,CHIN,CHIN_68,CHIN,2180,False
CHIN_70,CHIN,CHID_7,CHID,2960,False
CHIN_71,CHIN,CHIN_72,CHIN,1240,False
CHIN_71,CHIN,CHIN_73,CHIN,1240,False
CHIN_71,CHIN,CHID_7,CHID,2920,False
CHIN_72,CHIN,CHIN_73,CHIN,2940,False
CHIN_72,CHIN,CHIN_74,CHIN,930,False
CHIN_72,CHIN,CHID_7,CHID,2940,False
CHIN_73,CHIN,CHIN_74,CHIN,2440,False
CHIN_73,CHIN,CHIN_75,CHIN,1280,False
CHIN_73,CHIN,CHID_7,CHID,5100,False
CHIN_74,CHIN,CHIN_75,CHIN,890,False
CHIN_74,CHIN,CHID_7,CHID,2440,False
CHIN_75,CHIN,CHID_7,CHID,1280,False
CHIN_81,CHIN,CHIN_82,CHIN,90,False
CHIN_85,CHIN,CHIN_86,CHIN,2020,False
CHIN_88,CHIN,CHIN_89,CHIN,1190,False
CHIN_94,CHIN,CHID_9,CHID,3620,False
CHIN_101,CHIN,CHID_10,CHID,2160,False
CHIN_102,CHIN,CHID_10,CHID,1480,False
CHIN_107,CHIN,CHIN_108,CHIN,2260,False
CHIN_114,CHIN,CHIN_115,CHIN,1480,False
CHIN_114,CHIN,CHIN_116,CHIN,1480,False
CHIN_114,CHIN,CHIN_117,CHIN,450,False
CHIN_114,CHIN,CHID_11,CHID,1480,False
CHIN_115,CHIN,CHIN_116,CHIN,2980,False
CHIN_115,CHIN,CHIN_117,CHIN,1950,False
CHIN_115,CHIN,CHIN_118,CHIN,770,False
CHIN_115,CHIN,CHIN_119,CHIN,770,False
CHIN_115,CHIN,CHID_11,CHID,2980,False
CHIN_116,CHIN,CHIN_117,CHIN,2470,False
CHIN_116,CHIN,CHIN_118,CHIN,1290,False
CHIN_116,CHIN,CHIN_119,CHIN,1290,False
CHIN_116,CHIN,CHID_11,CHID,3500,False
CHIN_117,CHIN,CHIN_118,CHIN,2260,False
CHIN_117,CHIN,CHIN_119,CHIN,2260,False
CHIN_117,CHIN,CHIN_120,CHIN,930,False
CHIN_117,CHIN,CHID_11,CHID,3440,False
CHIN_118,CHIN,CHIN_119,CHIN,2740,False
CHIN_118,CHIN,CHIN_120,CHIN,1410,False
CHIN_118,CHIN,CHID_11,CHID,2740,False
CHIN_119,CHIN,CHIN_120,CHIN,2230,False
CHIN_119,CHIN,CHID_11,CHID,3560,False
CHIN_120,CHIN,CHIN_121,CHIN,400,False
CHIN_120,CHIN,CHID_11,CHID,2660,False
CHIN_121,CHIN,CHID_11,CHID,2220,False
CHIN_124,CHIN,CHIN_125,CHIN,610,False
CHIN_125,CHIN,CHIN_126,CHIN,970,False
CHIN_128,CHIN,CHIN_129,CHIN,800,False
CHIN_128,CHIN,CHIN_130,CHIN,1480,False
CHIN_128,CHIN,CHID_12,CHID,1480,False
CHIN_129,CHIN,CHIN_130,CHIN,1860,False
CHIN_129,CHIN,CHID_12,CHID,1860,False
CHIN_130,CHIN,CHIN_131,CHIN,2560,False
CHIN_130,CHIN,CHID_12,CHID,5100,False
CHIN_131,CHIN,CHID_12,CHID,2320,False
CHIN_137,CHIN,CHID_13,CHID,2120,False
CHIN_138,CHIN,CHIN_139,CHIN,1280,False
CHIN_138,CHIN,CHID_13,CHID,1280,False
CHIN_139,CHIN,CHID_13,CHID,3100,False
CHIN_142,CHIN,CHIN_143,CHIN,2820,False
CHIN_142,CHIN,CHIN_144,CHIN,1260,False
CHIN_142,CHIN,CHID_14,CHID,2820,False
CHIN_143,CHIN,CHIN_144,CHIN,4040,False
CHIN_143,CHIN,CHIN_145,CHIN,1640,False
CHIN_143,CHIN,CHID_14,CHID,5900,False
CHIN_144,CHIN,CHIN_145,CHIN,1340,False
CHIN_144,CHIN,CHID_14,CHID,4040,False
CHIN_145,CHIN,CHIN_146,CHIN,10,False
CHIN_145,CHIN,CHID_14,CHID,3100,False
CHIN_146,CHIN,CHID_14,CHID,2420,False
CHIN_147,CHIN,CHID_14,CHID,460,False
CHIN_151,CHIN,CHIN_152,CHIN,2160,False
CHIN_151,CHIN,CHID_15,CHID,2160,False
CHIN_152,CHIN,CHID_15,CHID,3710,False
CHIN_154,CHIN,CHIN_155,CHIN,1610,False
CHIN_154,CHIN,CHIN_156,CHIN,1610,False
CHIN_154,CHIN,CHID_16,CHID,4860,False
CHIN_155,CHIN,CHIN_156,CHIN,2140,False
CHIN_155,CHIN,CHID_16,CHID,2140,False
CHIN_156,CHIN,CHIN_157,CHIN,1260,False
CHIN_156,CHIN,CHID_16,CHID,4520,False
CHIN_157,CHIN,CHID_16,CHID,1260,False
CHIN_164,CHIN,CHIN_165,CHIN,1680,False
CHIN_164,CHIN,CHIN_166,CHIN,1680,False
CHIN_164,CHIN,CHID_17,CHID,1680,False
CHIN_165,CHIN,CHIN_166,CHIN,4500,False
CHIN_165,CHIN,CHID_17,CHID,4500,False
CHIN_166,CHIN,CHIN_167,CHIN,2800,False
CHIN_166,CHIN,CHIN_168,CHIN,2300,False
CHIN_166,CHIN,CHID_17,CHID,11100,False
CHIN_167,CHIN,CHIN_168,CHIN,1290,False
CHIN_167,CHIN,CHID_17,CHID,2800,False
CHIN_168,CHIN,CHID_17,CHID,3570,False
CHIN_171,CHIN,CHIN_172,CHIN,310,False
CHIN_171,CHIN,CHIN_173,CHIN,310,False
CHIN_171,CHIN,CHID_18,CHID,2220,False
CHIN_172,CHIN,CHIN_173,CHIN,1500,False
CHIN_172,CHIN,CHIN_174,CHIN,360,False
CHIN_172,CHIN,CHID_18,CHID,1500,False
CHIN_173,CHIN,CHIN_174,CHIN,2820,False
CHIN_173,CHIN,CHIN_175,CHIN,1550,False
CHIN_173,CHIN,CHIN_176,CHIN,670,False
CHIN_173,CHIN,CHID_18,CHID,3960,False
CHIN_174,CHIN,CHIN_175,CHIN,2130,False
CHIN_174,CHIN,CHIN_176,CHIN,1250,False
CHIN_174,CHIN,CHID_18,CHID,3400,False
CHIN_175,CHIN,CHIN_176,CHIN,1440,False
CHIN_175,CHIN,CHID_18,CHID,2320,False
CHIN_176,CHIN,CHID_18,CHID,2020,False
CHIN_187,CHIN,CHIN_188,CHIN,840,False
CHIN_189,CHIN,CHIN_190,CHIN,2540,False
CHIN_189,CHIN,CHIN_191,CHIN,2540,False
CHIN_189,CHIN,CHID_19,CHID,2540,False
CHIN_190,CHIN,CHIN_191,CHIN,3380,False
CHIN_190,CHIN,CHIN_192,CHIN,350,False
CHIN_190,CHIN,CHID_19,CHID,3380,False
CHIN_191,CHIN,CHIN_192,CHIN,1460,False
CHIN_191,CHIN,CHID_19,CHID,4570,False
CHIN_192,CHIN,CHID_19,CHID,1460,False
CHIN_193,CHIN,CHIN_194,CHIN,870,False
CHIN_193,CHIN,CHID_20,CHID,2960,False
CHIN_194,CHIN,CHIN_195,CHIN,470,False
CHIN_194,CHIN,CHID_20,CHID,2300,False
CHIN_195,CHIN,CHIN_196,CHIN,2030,False
CHIN_195,CHIN,CHID_20,CHID,3720,False
CHIN_196,CHIN,CHID_20,CHID,2080,False
CHIN_202,CHIN,CHIN_203,CHIN,1080,False
CHIN_202,CHIN,CHID_21,CHID,2520,False
CHIN_203,CHIN,CHID_21,CHID,2230,False
CHIN_205,CHIN,CHIN_206,CHIN,2440,False
CHIN_205,CHIN,CHIN_207,CHIN,2440,False
CHIN_205,CHIN,CHIN_208,CHIN,2440,False
CHIN_205,CHIN,CHIN_209,CHIN,2440,False
CHIN_205,CHIN,CHIN_210,CHIN,2440,False
CHIN_205,CHIN,CHIN_211,CHIN,2440,False
CHIN_205,CHIN,CHIN_212,CHIN,2440,False
CHIN_205,CHIN,CHIN_213,CHIN,560,False
CHIN_205,CHIN,CHID_22,CHID,2200,False
CHIN_206,CHIN,CHIN_207,CHIN,3240,False
CHIN_206,CHIN,CHIN_208,CHIN,3240,False
CHIN_206,CHIN,CHIN_209,CHIN,3240,False
CHIN_206,CHIN,CHIN_210,CHIN,3240,False
CHIN_206,CHIN,CHIN_211,CHIN,3240,False
CHIN_206,CHIN,CHIN_212,CHIN,3240,False
CHIN_206,CHIN,CHIN_213,CHIN,1360,False
CHIN_206,CHIN,CHID_22,CHID,3000,False
CHIN_207,CHIN,CHIN_208,CHIN,4440,False
CHIN_207,CHIN,CHIN_209,CHIN,4440,False
CHIN_207,CHIN,CHIN_210,CHIN,4440,False
CHIN_207,CHIN,CHIN_211,CHIN,4440,False
CHIN_207,CHIN,CHIN_212,CHIN,4440,False
CHIN_207,CHIN,CHIN_213,CHIN,2560,False
CHIN_207,CHIN,CHID_22,CHID,4200,False
CHIN_208,CHIN,CHIN_209,CHIN,6120,False
CHIN_208,CHIN,CHIN_210,CHIN,6120,False
CHIN_208,CHIN,CHIN_211,CHIN,6120,False
CHIN_208,CHIN,CHIN_212,CHIN,6120,False
CHIN_208,CHIN,CHIN_213,CHIN,4240,False
CHIN_208,CHIN,CHID_22,CHID,5880,False
CHIN_209,CHIN,CHIN_210,CHIN,7180,False
CHIN_209,CHIN,CHIN_211,CHIN,7180,False
CHIN_209,CHIN,CHIN_212,CHIN,7180,False
CHIN_209,CHIN,CHIN_213,CHIN,5300,False
CHIN_209,CHIN,CHIN_214,CHIN,730,False
CHIN_209,CHIN,CHIN_215,CHIN,90,False
CHIN_209,CHIN,CHID_22,CHID,6940,False
CHIN_210,CHIN,CHIN_211,CHIN,9680,False
CHIN_210,CHIN,CHIN_212,CHIN,9680,False
CHIN_210,CHIN,CHIN_213,CHIN,7800,False
CHIN_210,CHIN,CHIN_214,CHIN,3230,False
CHIN_210,CHIN,CHIN_215,CHIN,2590,False
CHIN_210,CHIN,CHID_22,CHID,9440,False
CHIN_211,CHIN,CHIN_212,CHIN,10900,False
CHIN_211,CHIN,CHIN_213,CHIN,9020,False
CHIN_211,CHIN,CHIN_214,CHIN,4450,False
CHIN_211,CHIN,CHIN_215,CHIN,3810,False
CHIN_211,CHIN,CHID_22,CHID,10660,False
CHIN_212,CHIN,CHIN_213,CHIN,9120,False
CHIN_212,CHIN,CHIN_214,CHIN,4560,False
CHIN_212,CHIN,CHIN_215,CHIN,4120,False
CHIN_212,CHIN,CHID_22,CHID,11150,False
CHIN_213,CHIN,CHIN_214,CHIN,4550,False
CHIN_213,CHIN,CHIN_215,CHIN,3910,False
CHIN_213,CHIN,CHID_22,CHID,9120,False
CHIN_214,CHIN,CHIN_215,CHIN,3920,False
CHIN_214,CHIN,CHID_22,CHID,4560,False
CHIN_215,CHIN,CHID_22,CHID,4120,False
CHIN_221,CHIN,CHIN_222,CHIN,1920,False
CHIN_221,CHIN,CHIN_223,CHIN,1500,False
CHIN_221,CHIN,CHID_23,CHID,3800,False
CHIN_222,CHIN,CHIN_223,CHIN,1270,False
CHIN_222,CHIN,CHID_23,CHID,1920,False
CHIN_223,CHIN,CHID_23,CHID,1590,False
CHIN_239,CHIN,CHIN_240,CHIN,1240,False
CHIN_239,CHIN,CHID_24,CHID,1240,False
CHIN_240,CHIN,CHID_24,CHID,1800,False
CHIN_242,CHIN,CHIN_243,CHIN,2260,False
CHIN_242,CHIN,CHID_25,CHID,2260,False
CHIN_243,CHIN,CHIN_244,CHIN,2080,False
CHIN_243,CHIN,CHID_25,CHID,5300,False
CHIN_244,CHIN,CHID_25,CHID,2080,False
CHIN_245,CHIN,CHID_25,CHID,2220,False
CHIN_247,CHIN,CHID_26,CHID,2340,False
