structure_id,type,chrom,start,end,center,length_bp,source_file,source_sheet,source_row,source_chrom,source_start,source_end,source_center,coordinate_system,coordinate_status
OPCID_1,OPCID,NC_000913.3,49660,59940,54800.0,10280,micro-c数据/标注数据.xlsx,Supplementary Table 4,2,MG1655,49660,59940,,0-based-half-open,provisional
OPCID_2,OPCID,NC_000913.3,87820,93270,90545.0,5450,micro-c数据/标注数据.xlsx,Supplementary Table 4,3,MG1655,87820,93270,,0-based-half-open,provisional
OPCID_3,OPCID,NC_000913.3,106140,108980,107560.0,2840,micro-c数据/标注数据.xlsx,Supplementary Table 4,4,MG1655,106140,108980,,0-based-half-open,provisional
OPCID_4,OPCID,NC_000913.3,121910,129450,125680.0,7540,micro-c数据/标注数据.xlsx,Supplementary Table 4,5,MG1655,121910,129450,,0-based-half-open,provisional
OPCID_5,OPCID,NC_000913.3,182460,184370,183415.0,1910,micro-c数据/标注数据.xlsx,Supplementary Table 4,6,MG1655,182460,184370,,0-based-half-open,provisional
OPCID_6,OPCID,NC_000913.3,192730,193950,193340.0,1220,micro-c数据/标注数据.xlsx,Supplementary Table 4,7,MG1655,192730,193950,,0-based-half-open,provisional
OPCID_7,OPCID,NC_000913.3,194470,198740,196605.0,4270,micro-c数据/标注数据.xlsx,Supplementary Table 4,8,MG1655,194470,198740,,0-based-half-open,provisional
OPCID_8,OPCID,NC_000913.3,199310,201910,200610.0,2600,micro-c数据/标注数据.xlsx,Supplementary Table 4,9,MG1655,199310,201910,,0-based-half-open,provisional
OPCID_9,OPCID,NC_000913.3,243140,249010,246075.0,5870,micro-c数据/标注数据.xlsx,Supplementary Table 4,10,MG1655,243140,249010,,0-based-half-open,provisional
OPCID_10,OPCID,NC_000913.3,321350,325140,323245.0,3790,micro-c数据/标注数据.xlsx,Supplementary Table 4,11,MG1655,321350,325140,,0-based-half-open,provisional
OPCID_11,OPCID,NC_000913.3,426840,441690,434265.0,14850,micro-c数据/标注数据.xlsx,Supplementary Table 4,12,MG1655,426840,441690,,0-based-half-open,provisional
OPCID_12,OPCID,NC_000913.3,629820,632900,631360.0,3080,micro-c数据/标注数据.xlsx,Supplementary Table 4,13,MG1655,629820,632900,,0-based-half-open,provisional
OPCID_13,OPCID,NC_000913.3,699160,708860,704010.0,9700,micro-c数据/标注数据.xlsx,Supplementary Table 4,14,MG1655,699160,708860,,0-based-half-open,provisional
OPCID_14,OPCID,NC_000913.3,762610,765260,763935.0,2650,micro-c数据/标注数据.xlsx,Supplementary Table 4,15,MG1655,762610,765260,,0-based-half-open,provisional
OPCID_15,OPCID,NC_000913.3,771270,774550,772910.0,3280,micro-c数据/标注数据.xlsx,Supplementary Table 4,16,MG1655,771270,774550,,0-based-half-open,provisional
OPCID_16,OPCID,NC_000913.3,932320,940780,936550.0,8460,micro-c数据/标注数据.xlsx,Supplementary Table 4,17,MG1655,932320,940780,,0-based-half-open,provisional
OPCID_17,OPCID,NC_000913.3,950090,955440,952765.0,5350,micro-c数据/标注数据.xlsx,Supplementary Table 4,18,MG1655,950090,955440,,0-based-half-open,provisional
OPCID_18,OPCID,NC_000913.3,961460,964210,962835.0,2750,micro-c数据/标注数据.xlsx,Supplementary Table 4,19,MG1655,961460,964210,,0-based-half-open,provisional
OPCID_19,OPCID,NC_000913.3,1140560,1145010,1142785.0,4450,micro-c数据/标注数据.xlsx,Supplementary Table 4,20,MG1655,1140560,1145010,,0-based-half-open,provisional
OPCID_20,OPCID,NC_000913.3,1186860,1190410,1188635.0,3550,micro-c数据/标注数据.xlsx,Supplementary Table 4,21,MG1655,1186860,1190410,,0-based-half-open,provisional
OPCID_21,OPCID,NC_000913.3,1224080,1226150,1225115.0,2070,micro-c数据/标注数据.xlsx,Supplementary Table 4,22,MG1655,1224080,1226150,,0-based-half-open,provisional
OPCID_22,OPCID,NC_000913.3,1247430,1251440,1249435.0,4010,micro-c数据/标注数据.xlsx,Supplementary Table 4,23,MG1655,1247430,1251440,,0-based-half-open,provisional
OPCID_23,OPCID,NC_000913.3,1295210,1310880,1303045.0,15670,micro-c数据/标注数据.xlsx,Supplementary Table 4,24,MG1655,1295210,1310880,,0-based-half-open,provisional
OPCID_24,OPCID,NC_000913.3,1337800,1341950,1339875.0,4150,micro-c数据/标注数据.xlsx,Supplementary Table 4,25,MG1655,1337800,1341950,,0-based-half-open,provisional
OPCID_25,OPCID,NC_000913.3,1350060,1357740,1353900.0,7680,micro-c数据/标注数据.xlsx,Supplementary Table 4,26,MG1655,1350060,1357740,,0-based-half-open,provisional
OPCID_26,OPCID,NC_000913.3,1666390,1668580,1667485.0,2190,micro-c数据/标注数据.xlsx,Supplementary Table 4,27,MG1655,1666390,1668580,,0-based-half-open,provisional
OPCID_27,OPCID,NC_000913.3,1695830,1705800,1700815.0,9970,micro-c数据/标注数据.xlsx,Supplementary Table 4,28,MG1655,1695830,1705800,,0-based-half-open,provisional
OPCID_28,OPCID,NC_000913.3,1732990,1737920,1735455.0,4930,micro-c数据/标注数据.xlsx,Supplementary Table 4,29,MG1655,1732990,1737920,,0-based-half-open,provisional
OPCID_29,OPCID,NC_000913.3,1741110,1747490,1744300.0,6380,micro-c数据/标注数据.xlsx,Supplementary Table 4,30,MG1655,1741110,1747490,,0-based-half-open,provisional
OPCID_30,OPCID,NC_000913.3,1798820,1802930,1800875.0,4110,micro-c数据/标注数据.xlsx,Supplementary Table 4,31,MG1655,1798820,1802930,,0-based-half-open,provisional
OPCID_31,OPCID,NC_000913.3,2139120,2147740,2143430.0,8620,micro-c数据/标注数据.xlsx,Supplementary Table 4,32,MG1655,2139120,2147740,,0-based-half-open,provisional
OPCID_32,OPCID,NC_000913.3,2211940,2215000,2213470.0,3060,micro-c数据/标注数据.xlsx,Supplementary Table 4,33,MG1655,2211940,2215000,,0-based-half-open,provisional
OPCID_33,OPCID,NC_000913.3,2259040,2263960,2261500.0,4920,micro-c数据/标注数据.xlsx,Supplementary Table 4,34,MG1655,2259040,2263960,,0-based-half-open,provisional
OPCID_34,OPCID,NC_000913.3,2389410,2393000,2391205.0,3590,micro-c数据/标注数据.xlsx,Supplementary Table 4,35,MG1655,2389410,2393000,,0-based-half-open,provisional
OPCID_35,OPCID,NC_000913.3,2393000,2397570,2395285.0,4570,micro-c数据/标注数据.xlsx,Supplementary Table 4,36,MG1655,2393000,2397570,,0-based-half-open,provisional
OPCID_36,OPCID,NC_000913.3,2440390,2441890,2441140.0,1500,micro-c数据/标注数据.xlsx,Supplementary Table 4,37,MG1655,2440390,2441890,,0-based-half-open,provisional
OPCID_37,OPCID,NC_000913.3,2529590,2532260,2530925.0,2670,micro-c数据/标注数据.xlsx,Supplementary Table 4,38,MG1655,2529590,2532260,,0-based-half-open,provisional
OPCID_38,OPCID,NC_000913.3,2532990,2536410,2534700.0,3420,micro-c数据/标注数据.xlsx,Supplementary Table 4,39,MG1655,2532990,2536410,,0-based-half-open,provisional
OPCID_39,OPCID,NC_000913.3,2543000,2544750,2543875.0,1750,micro-c数据/标注数据.xlsx,Supplementary Table 4,40,MG1655,2543000,2544750,,0-based-half-open,provisional
OPCID_40,OPCID,NC_000913.3,2563220,2565610,2564415.0,2390,micro-c数据/标注数据.xlsx,Supplementary Table 4,41,MG1655,2563220,2565610,,0-based-half-open,provisional
OPCID_41,OPCID,NC_000913.3,2637380,2643140,2640260.0,5760,micro-c数据/标注数据.xlsx,Supplementary Table 4,42,MG1655,2637380,2643140,,0-based-half-open,provisional
OPCID_42,OPCID,NC_000913.3,2647290,2653520,2650405.0,6230,micro-c数据/标注数据.xlsx,Supplementary Table 4,43,MG1655,2647290,2653520,,0-based-half-open,provisional
OPCID_43,OPCID,NC_000913.3,2661520,2663750,2662635.0,2230,micro-c数据/标注数据.xlsx,Supplementary Table 4,44,MG1655,2661520,2663750,,0-based-half-open,provisional
OPCID_44,OPCID,NC_000913.3,2683840,2691680,2687760.0,7840,micro-c数据/标注数据.xlsx,Supplementary Table 4,45,MG1655,2683840,2691680,,0-based-half-open,provisional
OPCID_45,OPCID,NC_000913.3,2708310,2710490,2709400.0,2180,micro-c数据/标注数据.xlsx,Supplementary Table 4,46,MG1655,2708310,2710490,,0-based-half-open,provisional
OPCID_46,OPCID,NC_000913.3,2866350,2870610,2868480.0,4260,micro-c数据/标注数据.xlsx,Supplementary Table 4,47,MG1655,2866350,2870610,,0-based-half-open,provisional
OPCID_47,OPCID,NC_000913.3,2917350,2922640,2919995.0,5290,micro-c数据/标注数据.xlsx,Supplementary Table 4,48,MG1655,2917350,2922640,,0-based-half-open,provisional
OPCID_48,OPCID,NC_000913.3,2939250,2942980,2941115.0,3730,micro-c数据/标注数据.xlsx,Supplementary Table 4,49,MG1655,2939250,2942980,,0-based-half-open,provisional
OPCID_49,OPCID,NC_000913.3,2964460,2969080,2966770.0,4620,micro-c数据/标注数据.xlsx,Supplementary Table 4,50,MG1655,2964460,2969080,,0-based-half-open,provisional
OPCID_50,OPCID,NC_000913.3,3012260,3016260,3014260.0,4000,micro-c数据/标注数据.xlsx,Supplementary Table 4,51,MG1655,3012260,3016260,,0-based-half-open,provisional
OPCID_51,OPCID,NC_000913.3,3040170,3043170,3041670.0,3000,micro-c数据/标注数据.xlsx,Supplementary Table 4,52,MG1655,3040170,3043170,,0-based-half-open,provisional
OPCID_52,OPCID,NC_000913.3,3046160,3051090,3048625.0,4930,micro-c数据/标注数据.xlsx,Supplementary Table 4,53,MG1655,3046160,3051090,,0-based-half-open,provisional
OPCID_53,OPCID,NC_000913.3,3269380,3278780,3274080.0,9400,micro-c数据/标注数据.xlsx,Supplementary Table 4,54,MG1655,3269380,3278780,,0-based-half-open,provisional
OPCID_54,OPCID,NC_000913.3,3375910,3384990,3380450.0,9080,micro-c数据/标注数据.xlsx,Supplementary Table 4,55,MG1655,3375910,3384990,,0-based-half-open,provisional
OPCID_55,OPCID,NC_000913.3,3439610,3448700,3444155.0,9090,micro-c数据/标注数据.xlsx,Supplementary Table 4,56,MG1655,3439610,3448700,,0-based-half-open,provisional
OPCID_56,OPCID,NC_000913.3,3547440,3552940,3550190.0,5500,micro-c数据/标注数据.xlsx,Supplementary Table 4,57,MG1655,3547440,3552940,,0-based-half-open,provisional
OPCID_57,OPCID,NC_000913.3,3552940,3556260,3554600.0,3320,micro-c数据/标注数据.xlsx,Supplementary Table 4,58,MG1655,3552940,3556260,,0-based-half-open,provisional
OPCID_58,OPCID,NC_000913.3,3638960,3642850,3640905.0,3890,micro-c数据/标注数据.xlsx,Supplementary Table 4,59,MG1655,3638960,3642850,,0-based-half-open,provisional
OPCID_59,OPCID,NC_000913.3,3735170,3740140,3737655.0,4970,micro-c数据/标注数据.xlsx,Supplementary Table 4,60,MG1655,3735170,3740140,,0-based-half-open,provisional
OPCID_60,OPCID,NC_000913.3,3864340,3869140,3866740.0,4800,micro-c数据/标注数据.xlsx,Supplementary Table 4,61,MG1655,3864340,3869140,,0-based-half-open,provisional
OPCID_61,OPCID,NC_000913.3,3911270,3927110,3919190.0,15840,micro-c数据/标注数据.xlsx,Supplementary Table 4,62,MG1655,3911270,3927110,,0-based-half-open,provisional
OPCID_62,OPCID,NC_000913.3,3986190,4002850,3994520.0,16660,micro-c数据/标注数据.xlsx,Supplementary Table 4,63,MG1655,3986190,4002850,,0-based-half-open,provisional
OPCID_63,OPCID,NC_000913.3,4015990,4027660,4021825.0,11670,micro-c数据/标注数据.xlsx,Supplementary Table 4,64,MG1655,4015990,4027660,,0-based-half-open,provisional
OPCID_64,OPCID,NC_000913.3,4115250,4120550,4117900.0,5300,micro-c数据/标注数据.xlsx,Supplementary Table 4,65,MG1655,4115250,4120550,,0-based-half-open,provisional
OPCID_65,OPCID,NC_000913.3,4252060,4260210,4256135.0,8150,micro-c数据/标注数据.xlsx,Supplementary Table 4,66,MG1655,4252060,4260210,,0-based-half-open,provisional
OPCID_66,OPCID,NC_000913.3,4276470,4282120,4279295.0,5650,micro-c数据/标注数据.xlsx,Supplementary Table 4,67,MG1655,4276470,4282120,,0-based-half-open,provisional
OPCID_67,OPCID,NC_000913.3,4480430,4488410,4484420.0,7980,micro-c数据/标注数据.xlsx,Supplementary Table 4,68,MG1655,4480430,4488410,,0-based-half-open,provisional
OPCID_68,OPCID,NC_000913.3,4583060,4587140,4585100.0,4080,micro-c数据/标注数据.xlsx,Supplementary Table 4,69,MG1655,4583060,4587140,,0-based-half-open,provisional
CHIN_1,CHIN,NC_000913.3,58260,59420,58840,1160,micro-c数据/标注数据.xlsx,Supplementary Table 5,2,MG1655,58260,59420,58840,0-based-half-open,provisional
CHIN_2,CHIN,NC_000913.3,83460,85860,84660,2400,micro-c数据/标注数据.xlsx,Supplementary Table 5,3,MG1655,83460,85860,84660,0-based-half-open,provisional
CHIN_3,CHIN,NC_000913.3,150060,152600,151330,2540,micro-c数据/标注数据.xlsx,Supplementary Table 5,4,MG1655,150060,152600,151330,0-based-half-open,provisional
CHIN_4,CHIN,NC_000913.3,150060,153540,151800,3480,micro-c数据/标注数据.xlsx,Supplementary Table 5,5,MG1655,150060,153540,151800,0-based-half-open,provisional
CHIN_5,CHIN,NC_000913.3,150060,154620,152340,4560,micro-c数据/标注数据.xlsx,Supplementary Table 5,6,MG1655,150060,154620,152340,0-based-half-open,provisional
CHIN_6,CHIN,NC_000913.3,153540,155700,154620,2160,micro-c数据/标注数据.xlsx,Supplementary Table 5,7,MG1655,153540,155700,154620,0-based-half-open,provisional
CHIN_7,CHIN,NC_000913.3,156170,157290,156730,1120,micro-c数据/标注数据.xlsx,Supplementary Table 5,8,MG1655,156170,157290,156730,0-based-half-open,provisional
CHIN_8,CHIN,NC_000913.3,179740,181020,180380,1280,micro-c数据/标注数据.xlsx,Supplementary Table 5,9,MG1655,179740,181020,180380,0-based-half-open,provisional
CHIN_9,CHIN,NC_000913.3,237000,238940,237970,1940,micro-c数据/标注数据.xlsx,Supplementary Table 5,10,MG1655,237000,238940,237970,0-based-half-open,provisional
CHIN_10,CHIN,NC_000913.3,252280,253840,253060,1560,micro-c数据/标注数据.xlsx,Supplementary Table 5,11,MG1655,252280,253840,253060,0-based-half-open,provisional
CHIN_11,CHIN,NC_000913.3,252280,260520,256400,8240,micro-c数据/标注数据.xlsx,Supplementary Table 5,12,MG1655,252280,260520,256400,0-based-half-open,provisional
CHIN_12,CHIN,NC_000913.3,258700,260480,259590,1780,micro-c数据/标注数据.xlsx,Supplementary Table 5,13,MG1655,258700,260480,259590,0-based-half-open,provisional
CHIN_13,CHIN,NC_000913.3,262320,263560,262940,1240,micro-c数据/标注数据.xlsx,Supplementary Table 5,14,MG1655,262320,263560,262940,0-based-half-open,provisional
CHIN_14,CHIN,NC_000913.3,292430,295450,293940,3020,micro-c数据/标注数据.xlsx,Supplementary Table 5,15,MG1655,292430,295450,293940,0-based-half-open,provisional
CHIN_15,CHIN,NC_000913.3,294940,296400,295670,1460,micro-c数据/标注数据.xlsx,Supplementary Table 5,16,MG1655,294940,296400,295670,0-based-half-open,provisional
CHIN_16,CHIN,NC_000913.3,296440,298020,297230,1580,micro-c数据/标注数据.xlsx,Supplementary Table 5,17,MG1655,296440,298020,297230,0-based-half-open,provisional
CHIN_17,CHIN,NC_000913.3,302620,304120,303370,1500,micro-c数据/标注数据.xlsx,Supplementary Table 5,18,MG1655,302620,304120,303370,0-based-half-open,provisional
CHIN_18,CHIN,NC_000913.3,312500,314520,313510,2020,micro-c数据/标注数据.xlsx,Supplementary Table 5,19,MG1655,312500,314520,313510,0-based-half-open,provisional
CHIN_19,CHIN,NC_000913.3,318290,319970,319130,1680,micro-c数据/标注数据.xlsx,Supplementary Table 5,20,MG1655,318290,319970,319130,0-based-half-open,provisional
CHIN_20,CHIN,NC_000913.3,335190,336930,336060,1740,micro-c数据/标注数据.xlsx,Supplementary Table 5,21,MG1655,335190,336930,336060,0-based-half-open,provisional
CHIN_21,CHIN,NC_000913.3,343740,345280,344510,1540,micro-c数据/标注数据.xlsx,Supplementary Table 5,22,MG1655,343740,345280,344510,0-based-half-open,provisional
CHIN_22,CHIN,NC_000913.3,431650,432910,432280,1260,micro-c数据/标注数据.xlsx,Supplementary Table 5,23,MG1655,431650,432910,432280,0-based-half-open,provisional
CHIN_23,CHIN,NC_000913.3,479730,481550,480640,1820,micro-c数据/标注数据.xlsx,Supplementary Table 5,24,MG1655,479730,481550,480640,0-based-half-open,provisional
CHIN_24,CHIN,NC_000913.3,515700,516920,516310,1220,micro-c数据/标注数据.xlsx,Supplementary Table 5,25,MG1655,515700,516920,516310,0-based-half-open,provisional
CHIN_25,CHIN,NC_000913.3,526710,529470,528090,2760,micro-c数据/标注数据.xlsx,Supplementary Table 5,26,MG1655,526710,529470,528090,0-based-half-open,provisional
CHIN_26,CHIN,NC_000913.3,535810,538250,537030,2440,micro-c数据/标注数据.xlsx,Supplementary Table 5,27,MG1655,535810,538250,537030,0-based-half-open,provisional
CHIN_27,CHIN,NC_000913.3,537490,539170,538330,1680,micro-c数据/标注数据.xlsx,Supplementary Table 5,28,MG1655,537490,539170,538330,0-based-half-open,provisional
CHIN_28,CHIN,NC_000913.3,545170,546710,545940,1540,micro-c数据/标注数据.xlsx,Supplementary Table 5,29,MG1655,545170,546710,545940,0-based-half-open,provisional
CHIN_29,CHIN,NC_000913.3,558190,560310,559250,2120,micro-c数据/标注数据.xlsx,Supplementary Table 5,30,MG1655,558190,560310,559250,0-based-half-open,provisional
CHIN_30,CHIN,NC_000913.3,558190,561210,559700,3020,micro-c数据/标注数据.xlsx,Supplementary Table 5,31,MG1655,558190,561210,559700,0-based-half-open,provisional
CHIN_31,CHIN,NC_000913.3,562020,564760,563390,2740,micro-c数据/标注数据.xlsx,Supplementary Table 5,32,MG1655,562020,564760,563390,0-based-half-open,provisional
CHIN_32,CHIN,NC_000913.3,563970,568970,566470,5000,micro-c数据/标注数据.xlsx,Supplementary Table 5,33,MG1655,563970,568970,566470,0-based-half-open,provisional
CHIN_33,CHIN,NC_000913.3,568090,570890,569490,2800,micro-c数据/标注数据.xlsx,Supplementary Table 5,34,MG1655,568090,570890,569490,0-based-half-open,provisional
CHIN_34,CHIN,NC_000913.3,569420,572480,570950,3060,micro-c数据/标注数据.xlsx,Supplementary Table 5,35,MG1655,569420,572480,570950,0-based-half-open,provisional
CHIN_35,CHIN,NC_000913.3,570750,572390,571570,1640,micro-c数据/标注数据.xlsx,Supplementary Table 5,36,MG1655,570750,572390,571570,0-based-half-open,provisional
CHIN_36,CHIN,NC_000913.3,582900,585780,584340,2880,micro-c数据/标注数据.xlsx,Supplementary Table 5,37,MG1655,582900,585780,584340,0-based-half-open,provisional
CHIN_37,CHIN,NC_000913.3,617720,619520,618620,1800,micro-c数据/标注数据.xlsx,Supplementary Table 5,38,MG1655,617720,619520,618620,0-based-half-open,provisional
CHIN_38,CHIN,NC_000913.3,636260,638180,637220,1920,micro-c数据/标注数据.xlsx,Supplementary Table 5,39,MG1655,636260,638180,637220,0-based-half-open,provisional
CHIN_39,CHIN,NC_000913.3,655540,657040,656290,1500,micro-c数据/标注数据.xlsx,Supplementary Table 5,40,MG1655,655540,657040,656290,0-based-half-open,provisional
CHIN_40,CHIN,NC_000913.3,660590,662490,661540,1900,micro-c数据/标注数据.xlsx,Supplementary Table 5,41,MG1655,660590,662490,661540,0-based-half-open,provisional
CHIN_41,CHIN,NC_000913.3,676260,677580,676920,1320,micro-c数据/标注数据.xlsx,Supplementary Table 5,42,MG1655,676260,677580,676920,0-based-half-open,provisional
CHIN_42,CHIN,NC_000913.3,676260,680280,678270,4020,micro-c数据/标注数据.xlsx,Supplementary Table 5,43,MG1655,676260,680280,678270,0-based-half-open,provisional
CHIN_43,CHIN,NC_000913.3,715620,717120,716370,1500,micro-c数据/标注数据.xlsx,Supplementary Table 5,44,MG1655,715620,717120,716370,0-based-half-open,provisional
CHIN_44,CHIN,NC_000913.3,720100,721340,720720,1240,micro-c数据/标注数据.xlsx,Supplementary Table 5,45,MG1655,720100,721340,720720,0-based-half-open,provisional
CHIN_45,CHIN,NC_000913.3,732990,736410,734700,3420,micro-c数据/标注数据.xlsx,Supplementary Table 5,46,MG1655,732990,736410,734700,0-based-half-open,provisional
CHIN_46,CHIN,NC_000913.3,735680,739080,737380,3400,micro-c数据/标注数据.xlsx,Supplementary Table 5,47,MG1655,735680,739080,737380,0-based-half-open,provisional
CHIN_47,CHIN,NC_000913.3,748180,749460,748820,1280,micro-c数据/标注数据.xlsx,Supplementary Table 5,48,MG1655,748180,749460,748820,0-based-half-open,provisional
CHIN_48,CHIN,NC_000913.3,751750,753190,752470,1440,micro-c数据/标注数据.xlsx,Supplementary Table 5,49,MG1655,751750,753190,752470,0-based-half-open,provisional
CHIN_49,CHIN,NC_000913.3,799970,802230,801100,2260,micro-c数据/标注数据.xlsx,Supplementary Table 5,50,MG1655,799970,802230,801100,0-based-half-open,provisional
CHIN_50,CHIN,NC_000913.3,820280,821760,821020,1480,micro-c数据/标注数据.xlsx,Supplementary Table 5,51,MG1655,820280,821760,821020,0-based-half-open,provisional
CHIN_51,CHIN,NC_000913.3,872520,876840,874680,4320,micro-c数据/标注数据.xlsx,Supplementary Table 5,52,MG1655,872520,876840,874680,0-based-half-open,provisional
CHIN_52,CHIN,NC_000913.3,997460,998920,998190,1460,micro-c数据/标注数据.xlsx,Supplementary Table 5,53,MG1655,997460,998920,998190,0-based-half-open,provisional
CHIN_53,CHIN,NC_000913.3,998130,999910,999020,1780,micro-c数据/标注数据.xlsx,Supplementary Table 5,54,MG1655,998130,999910,999020,0-based-half-open,provisional
CHIN_54,CHIN,NC_000913.3,1049000,1051220,1050110,2220,micro-c数据/标注数据.xlsx,Supplementary Table 5,55,MG1655,1049000,1051220,1050110,0-based-half-open,provisional
CHIN_55,CHIN,NC_000913.3,1050610,1052710,1051660,2100,micro-c数据/标注数据.xlsx,Supplementary Table 5,56,MG1655,1050610,1052710,1051660,0-based-half-open,provisional
CHIN_56,CHIN,NC_000913.3,1064050,1065830,1064940,1780,micro-c数据/标注数据.xlsx,Supplementary Table 5,57,MG1655,1064050,1065830,1064940,0-based-half-open,provisional
CHIN_57,CHIN,NC_000913.3,1086240,1089040,1087640,2800,micro-c数据/标注数据.xlsx,Supplementary Table 5,58,MG1655,1086240,1089040,1087640,0-based-half-open,provisional
CHIN_58,CHIN,NC_000913.3,1087590,1089310,1088450,1720,micro-c数据/标注数据.xlsx,Supplementary Table 5,59,MG1655,1087590,1089310,1088450,0-based-half-open,provisional
CHIN_59,CHIN,NC_000913.3,1086240,1093920,1090080,7680,micro-c数据/标注数据.xlsx,Supplementary Table 5,60,MG1655,1086240,1093920,1090080,0-based-half-open,provisional
CHIN_60,CHIN,NC_000913.3,1090720,1094340,1092530,3620,micro-c数据/标注数据.xlsx,Supplementary Table 5,61,MG1655,1090720,1094340,1092530,0-based-half-open,provisional
CHIN_61,CHIN,NC_000913.3,1092650,1096790,1094720,4140,micro-c数据/标注数据.xlsx,Supplementary Table 5,62,MG1655,1092650,1096790,1094720,0-based-half-open,provisional
CHIN_62,CHIN,NC_000913.3,1101500,1103860,1102680,2360,micro-c数据/标注数据.xlsx,Supplementary Table 5,63,MG1655,1101500,1103860,1102680,0-based-half-open,provisional
CHIN_63,CHIN,NC_000913.3,1103980,1105420,1104700,1440,micro-c数据/标注数据.xlsx,Supplementary Table 5,64,MG1655,1103980,1105420,1104700,0-based-half-open,provisional
CHIN_64,CHIN,NC_000913.3,1117780,1119480,1118630,1700,micro-c数据/标注数据.xlsx,Supplementary Table 5,65,MG1655,1117780,1119480,1118630,0-based-half-open,provisional
CHIN_65,CHIN,NC_000913.3,1118940,1121440,1120190,2500,micro-c数据/标注数据.xlsx,Supplementary Table 5,66,MG1655,1118940,1121440,1120190,0-based-half-open,provisional
CHIN_66,CHIN,NC_000913.3,1180270,1181990,1181130,1720,micro-c数据/标注数据.xlsx,Supplementary Table 5,67,MG1655,1180270,1181990,1181130,0-based-half-open,provisional
CHIN_67,CHIN,NC_000913.3,1196620,1200380,1198500,3760,micro-c数据/标注数据.xlsx,Supplementary Table 5,68,MG1655,1196620,1200380,1198500,0-based-half-open,provisional
CHIN_68,CHIN,NC_000913.3,1197850,1200030,1198940,2180,micro-c数据/标注数据.xlsx,Supplementary Table 5,69,MG1655,1197850,1200030,1198940,0-based-half-open,provisional
CHIN_69,CHIN,NC_000913.3,1201850,1203350,1202600,1500,micro-c数据/标注数据.xlsx,Supplementary Table 5,70,MG1655,1201850,1203350,1202600,0-based-half-open,provisional
CHIN_70,CHIN,NC_000913.3,1209910,1212870,1211390,2960,micro-c数据/标注数据.xlsx,Supplementary Table 5,71,MG1655,1209910,1212870,1211390,0-based-half-open,provisional
CHIN_71,CHIN,NC_000913.3,1214260,1217180,1215720,2920,micro-c数据/标注数据.xlsx,Supplementary Table 5,72,MG1655,1214260,1217180,1215720,0-based-half-open,provisional
CHIN_72,CHIN,NC_000913.3,1215940,1218880,1217410,2940,micro-c数据/标注数据.xlsx,Supplementary Table 5,73,MG1655,1215940,1218880,1217410,0-based-half-open,provisional
CHIN_73,CHIN,NC_000913.3,1215940,1221040,1218490,5100,micro-c数据/标注数据.xlsx,Supplementary Table 5,74,MG1655,1215940,1221040,1218490,0-based-half-open,provisional
CHIN_74,CHIN,NC_000913.3,1217950,1220390,1219170,2440,micro-c数据/标注数据.xlsx,Supplementary Table 5,75,MG1655,1217950,1220390,1219170,0-based-half-open,provisional
CHIN_75,CHIN,NC_000913.3,1219500,1220780,1220140,1280,micro-c数据/标注数据.xlsx,Supplementary Table 5,76,MG1655,1219500,1220780,1220140,0-based-half-open,provisional
CHIN_76,CHIN,NC_000913.3,1228980,1230740,1229860,1760,micro-c数据/标注数据.xlsx,Supplementary Table 5,77,MG1655,1228980,1230740,1229860,0-based-half-open,provisional
CHIN_77,CHIN,NC_000913.3,1314540,1316520,1315530,1980,micro-c数据/标注数据.xlsx,Supplementary Table 5,78,MG1655,1314540,1316520,1315530,0-based-half-open,provisional
CHIN_78,CHIN,NC_000913.3,1369780,1372400,1371090,2620,micro-c数据/标注数据.xlsx,Supplementary Table 5,79,MG1655,1369780,1372400,1371090,0-based-half-open,provisional
CHIN_79,CHIN,NC_000913.3,1381410,1383750,1382580,2340,micro-c数据/标注数据.xlsx,Supplementary Table 5,80,MG1655,1381410,1383750,1382580,0-based-half-open,provisional
CHIN_80,CHIN,NC_000913.3,1393890,1396230,1395060,2340,micro-c数据/标注数据.xlsx,Supplementary Table 5,81,MG1655,1393890,1396230,1395060,0-based-half-open,provisional
CHIN_81,CHIN,NC_000913.3,1411210,1412610,1411910,1400,micro-c数据/标注数据.xlsx,Supplementary Table 5,82,MG1655,1411210,1412610,1411910,0-based-half-open,provisional
CHIN_82,CHIN,NC_000913.3,1412520,1414160,1413340,1640,micro-c数据/标注数据.xlsx,Supplementary Table 5,83,MG1655,1412520,1414160,1413340,0-based-half-open,provisional
CHIN_83,CHIN,NC_000913.3,1417480,1419240,1418360,1760,micro-c数据/标注数据.xlsx,Supplementary Table 5,84,MG1655,1417480,1419240,1418360,0-based-half-open,provisional
CHIN_84,CHIN,NC_000913.3,1419250,1420750,1420000,1500,micro-c数据/标注数据.xlsx,Supplementary Table 5,85,MG1655,1419250,1420750,1420000,0-based-half-open,provisional
CHIN_85,CHIN,NC_000913.3,1475330,1477350,1476340,2020,micro-c数据/标注数据.xlsx,Supplementary Table 5,86,MG1655,1475330,1477350,1476340,0-based-half-open,provisional
CHIN_86,CHIN,NC_000913.3,1475330,1479670,1477500,4340,micro-c数据/标注数据.xlsx,Supplementary Table 5,87,MG1655,1475330,1479670,1477500,0-based-half-open,provisional
CHIN_87,CHIN,NC_000913.3,1519960,1521340,1520650,1380,micro-c数据/标注数据.xlsx,Supplementary Table 5,88,MG1655,1519960,1521340,1520650,0-based-half-open,provisional
CHIN_88,CHIN,NC_000913.3,1526710,1530630,1528670,3920,micro-c数据/标注数据.xlsx,Supplementary Table 5,89,MG1655,1526710,1530630,1528670,0-based-half-open,provisional
CHIN_89,CHIN,NC_000913.3,1529440,1532720,1531080,3280,micro-c数据/标注数据.xlsx,Supplementary Table 5,90,MG1655,1529440,1532720,1531080,0-based-half-open,provisional
CHIN_90,CHIN,NC_000913.3,1566010,1567870,1566940,1860,micro-c数据/标注数据.xlsx,Supplementary Table 5,91,MG1655,1566010,1567870,1566940,0-based-half-open,provisional
CHIN_91,CHIN,NC_000913.3,1575090,1577150,1576120,2060,micro-c数据/标注数据.xlsx,Supplementary Table 5,92,MG1655,1575090,1577150,1576120,0-based-half-open,provisional
CHIN_92,CHIN,NC_000913.3,1577970,1580910,1579440,2940,micro-c数据/标注数据.xlsx,Supplementary Table 5,93,MG1655,1577970,1580910,1579440,0-based-half-open,provisional
CHIN_93,CHIN,NC_000913.3,1581250,1584230,1582740,2980,micro-c数据/标注数据.xlsx,Supplementary Table 5,94,MG1655,1581250,1584230,1582740,0-based-half-open,provisional
CHIN_94,CHIN,NC_000913.3,1586080,1590460,1588270,4380,micro-c数据/标注数据.xlsx,Supplementary Table 5,95,MG1655,1586080,1590460,1588270,0-based-half-open,provisional
CHIN_95,CHIN,NC_000913.3,1596300,1598600,1597450,2300,micro-c数据/标注数据.xlsx,Supplementary Table 5,96,MG1655,1596300,1598600,1597450,0-based-half-open,provisional
CHIN_96,CHIN,NC_000913.3,1615310,1617130,1616220,1820,micro-c数据/标注数据.xlsx,Supplementary Table 5,97,MG1655,1615310,1617130,1616220,0-based-half-open,provisional
CHIN_97,CHIN,NC_000913.3,1630880,1632680,1631780,1800,micro-c数据/标注数据.xlsx,Supplementary Table 5,98,MG1655,1630880,1632680,1631780,0-based-half-open,provisional
CHIN_98,CHIN,NC_000913.3,1636990,1639070,1638030,2080,micro-c数据/标注数据.xlsx,Supplementary Table 5,99,MG1655,1636990,1639070,1638030,0-based-half-open,provisional
CHIN_99,CHIN,NC_000913.3,1646300,1649960,1648130,3660,micro-c数据/标注数据.xlsx,Supplementary Table 5,100,MG1655,1646300,1649960,1648130,0-based-half-open,provisional
CHIN_100,CHIN,NC_000913.3,1753290,1755370,1754330,2080,micro-c数据/标注数据.xlsx,Supplementary Table 5,101,MG1655,1753290,1755370,1754330,0-based-half-open,provisional
CHIN_101,CHIN,NC_000913.3,1771840,1774000,1772920,2160,micro-c数据/标注数据.xlsx,Supplementary Table 5,102,MG1655,1771840,1774000,1772920,0-based-half-open,provisional
CHIN_102,CHIN,NC_000913.3,1775480,1776960,1776220,1480,micro-c数据/标注数据.xlsx,Supplementary Table 5,103,MG1655,1775480,1776960,1776220,0-based-half-open,provisional
CHIN_103,CHIN,NC_000913.3,1802700,1805220,1803960,2520,micro-c数据/标注数据.xlsx,Supplementary Table 5,104,MG1655,1802700,1805220,1803960,0-based-half-open,provisional
CHIN_104,CHIN,NC_000913.3,1843870,1845130,1844500,1260,micro-c数据/标注数据.xlsx,Supplementary Table 5,105,MG1655,1843870,1845130,1844500,0-based-half-open,provisional
CHIN_105,CHIN,NC_000913.3,1852690,1854510,1853600,1820,micro-c数据/标注数据.xlsx,Supplementary Table 5,106,MG1655,1852690,1854510,1853600,0-based-half-open,provisional
CHIN_106,CHIN,NC_000913.3,1856500,1858100,1857300,1600,micro-c数据/标注数据.xlsx,Supplementary Table 5,107,MG1655,1856500,1858100,1857300,0-based-half-open,provisional
CHIN_107,CHIN,NC_000913.3,1869840,1872100,1870970,2260,micro-c数据/标注数据.xlsx,Supplementary Table 5,108,MG1655,1869840,1872100,1870970,0-based-half-open,provisional
CHIN_108,CHIN,NC_000913.3,1869840,1873960,1871900,4120,micro-c数据/标注数据.xlsx,Supplementary Table 5,109,MG1655,1869840,1873960,1871900,0-based-half-open,provisional
CHIN_109,CHIN,NC_000913.3,2010930,2012450,2011690,1520,micro-c数据/标注数据.xlsx,Supplementary Table 5,110,MG1655,2010930,2012450,2011690,0-based-half-open,provisional
CHIN_110,CHIN,NC_000913.3,2023320,2024820,2024070,1500,micro-c数据/标注数据.xlsx,Supplementary Table 5,111,MG1655,2023320,2024820,2024070,0-based-half-open,provisional
CHIN_111,CHIN,NC_000913.3,2035550,2037570,2036560,2020,micro-c数据/标注数据.xlsx,Supplementary Table 5,112,MG1655,2035550,2037570,2036560,0-based-half-open,provisional
CHIN_112,CHIN,NC_000913.3,2052200,2053560,2052880,1360,micro-c数据/标注数据.xlsx,Supplementary Table 5,113,MG1655,2052200,2053560,2052880,0-based-half-open,provisional
CHIN_113,CHIN,NC_000913.3,2056360,2057820,2057090,1460,micro-c数据/标注数据.xlsx,Supplementary Table 5,114,MG1655,2056360,2057820,2057090,0-based-half-open,provisional
CHIN_114,CHIN,NC_000913.3,2102940,2104420,2103680,1480,micro-c数据/标注数据.xlsx,Supplementary Table 5,115,MG1655,2102940,2104420,2103680,0-based-half-open,provisional
CHIN_115,CHIN,NC_000913.3,2102940,2105920,2104430,2980,micro-c数据/标注数据.xlsx,Supplementary Table 5,116,MG1655,2102940,2105920,2104430,0-based-half-open,provisional
CHIN_116,CHIN,NC_000913.3,2102940,2106440,2104690,3500,micro-c数据/标注数据.xlsx,Supplementary Table 5,117,MG1655,2102940,2106440,2104690,0-based-half-open,provisional
CHIN_117,CHIN,NC_000913.3,2103970,2107410,2105690,3440,micro-c数据/标注数据.xlsx,Supplementary Table 5,118,MG1655,2103970,2107410,2105690,0-based-half-open,provisional
CHIN_118,CHIN,NC_000913.3,2105150,2107890,2106520,2740,micro-c数据/标注数据.xlsx,Supplementary Table 5,119,MG1655,2105150,2107890,2106520,0-based-half-open,provisional
CHIN_119,CHIN,NC_000913.3,2105150,2108710,2106930,3560,micro-c数据/标注数据.xlsx,Supplementary Table 5,120,MG1655,2105150,2108710,2106930,0-based-half-open,provisional
CHIN_120,CHIN,NC_000913.3,2106480,2109140,2107810,2660,micro-c数据/标注数据.xlsx,Supplementary Table 5,121,MG1655,2106480,2109140,2107810,0-based-half-open,provisional
CHIN_121,CHIN,NC_000913.3,2108740,2110960,2109850,2220,micro-c数据/标注数据.xlsx,Supplementary Table 5,122,MG1655,2108740,2110960,2109850,0-based-half-open,provisional
CHIN_122,CHIN,NC_000913.3,2114070,2115310,2114690,1240,micro-c数据/标注数据.xlsx,Supplementary Table 5,123,MG1655,2114070,2115310,2114690,0-based-half-open,provisional
CHIN_123,CHIN,NC_000913.3,2128380,2130680,2129530,2300,micro-c数据/标注数据.xlsx,Supplementary Table 5,124,MG1655,2128380,2130680,2129530,0-based-half-open,provisional
CHIN_124,CHIN,NC_000913.3,2167780,2170120,2168950,2340,micro-c数据/标注数据.xlsx,Supplementary Table 5,125,MG1655,2167780,2170120,2168950,0-based-half-open,provisional
CHIN_125,CHIN,NC_000913.3,2169510,2173210,2171360,3700,micro-c数据/标注数据.xlsx,Supplementary Table 5,126,MG1655,2169510,2173210,2171360,0-based-half-open,provisional
CHIN_126,CHIN,NC_000913.3,2172240,2175080,2173660,2840,micro-c数据/标注数据.xlsx,Supplementary Table 5,127,MG1655,2172240,2175080,2173660,0-based-half-open,provisional
CHIN_127,CHIN,NC_000913.3,2178150,2180190,2179170,2040,micro-c数据/标注数据.xlsx,Supplementary Table 5,128,MG1655,2178150,2180190,2179170,0-based-half-open,provisional
CHIN_128,CHIN,NC_000913.3,2187330,2188810,2188070,1480,micro-c数据/标注数据.xlsx,Supplementary Table 5,129,MG1655,2187330,2188810,2188070,0-based-half-open,provisional
CHIN_129,CHIN,NC_000913.3,2188010,2189870,2188940,1860,micro-c数据/标注数据.xlsx,Supplementary Table 5,130,MG1655,2188010,2189870,2188940,0-based-half-open,provisional
CHIN_130,CHIN,NC_000913.3,2187330,2192810,2190070,5480,micro-c数据/标注数据.xlsx,Supplementary Table 5,131,MG1655,2187330,2192810,2190070,0-based-half-open,provisional
CHIN_131,CHIN,NC_000913.3,2190110,2192670,2191390,2560,micro-c数据/标注数据.xlsx,Supplementary Table 5,132,MG1655,2190110,2192670,2191390,0-based-half-open,provisional
CHIN_132,CHIN,NC_000913.3,2233020,2234220,2233620,1200,micro-c数据/标注数据.xlsx,Supplementary Table 5,133,MG1655,2233020,2234220,2233620,0-based-half-open,provisional
CHIN_133,CHIN,NC_000913.3,2237570,2239470,2238520,1900,micro-c数据/标注数据.xlsx,Supplementary Table 5,134,MG1655,2237570,2239470,2238520,0-based-half-open,provisional
CHIN_134,CHIN,NC_000913.3,2254830,2256110,2255470,1280,micro-c数据/标注数据.xlsx,Supplementary Table 5,135,MG1655,2254830,2256110,2255470,0-based-half-open,provisional
CHIN_135,CHIN,NC_000913.3,2257770,2259530,2258650,1760,micro-c数据/标注数据.xlsx,Supplementary Table 5,136,MG1655,2257770,2259530,2258650,0-based-half-open,provisional
CHIN_136,CHIN,NC_000913.3,2343360,2344660,2344010,1300,micro-c数据/标注数据.xlsx,Supplementary Table 5,137,MG1655,2343360,2344660,2344010,0-based-half-open,provisional
CHIN_137,CHIN,NC_000913.3,2383080,2385200,2384140,2120,micro-c数据/标注数据.xlsx,Supplementary Table 5,138,MG1655,2383080,2385200,2384140,0-based-half-open,provisional
CHIN_138,CHIN,NC_000913.3,2385750,2387030,2386390,1280,micro-c数据/标注数据.xlsx,Supplementary Table 5,139,MG1655,2385750,2387030,2386390,0-based-half-open,provisional
CHIN_139,CHIN,NC_000913.3,2385750,2388850,2387300,3100,micro-c数据/标注数据.xlsx,Supplementary Table 5,140,MG1655,2385750,2388850,2387300,0-based-half-open,provisional
CHIN_140,CHIN,NC_000913.3,2454600,2456380,2455490,1780,micro-c数据/标注数据.xlsx,Supplementary Table 5,141,MG1655,2454600,2456380,2455490,0-based-half-open,provisional
CHIN_141,CHIN,NC_000913.3,2462580,2464380,2463480,1800,micro-c数据/标注数据.xlsx,Supplementary Table 5,142,MG1655,2462580,2464380,2463480,0-based-half-open,provisional
CHIN_142,CHIN,NC_000913.3,2480930,2483750,2482340,2820,micro-c数据/标注数据.xlsx,Supplementary Table 5,143,MG1655,2480930,2483750,2482340,0-based-half-open,provisional
CHIN_143,CHIN,NC_000913.3,2480930,2486830,2483880,5900,micro-c数据/标注数据.xlsx,Supplementary Table 5,144,MG1655,2480930,2486830,2483880,0-based-half-open,provisional
CHIN_144,CHIN,NC_000913.3,2482490,2486530,2484510,4040,micro-c数据/标注数据.xlsx,Supplementary Table 5,145,MG1655,2482490,2486530,2484510,0-based-half-open,provisional
CHIN_145,CHIN,NC_000913.3,2485190,2488290,2486740,3100,micro-c数据/标注数据.xlsx,Supplementary Table 5,146,MG1655,2485190,2488290,2486740,0-based-half-open,provisional
CHIN_146,CHIN,NC_000913.3,2488280,2490700,2489490,2420,micro-c数据/标注数据.xlsx,Supplementary Table 5,147,MG1655,2488280,2490700,2489490,0-based-half-open,provisional
CHIN_147,CHIN,NC_000913.3,2491890,2493890,2492890,2000,micro-c数据/标注数据.xlsx,Supplementary Table 5,148,MG1655,2491890,2493890,2492890,0-based-half-open,provisional
CHIN_148,CHIN,NC_000913.3,2628290,2630530,2629410,2240,micro-c数据/标注数据.xlsx,Supplementary Table 5,149,MG1655,2628290,2630530,2629410,0-based-half-open,provisional
CHIN_149,CHIN,NC_000913.3,2653160,2654340,2653750,1180,micro-c数据/标注数据.xlsx,Supplementary Table 5,150,MG1655,2653160,2654340,2653750,0-based-half-open,provisional
CHIN_150,CHIN,NC_000913.3,2699740,2700840,2700290,1100,micro-c数据/标注数据.xlsx,Supplementary Table 5,151,MG1655,2699740,2700840,2700290,0-based-half-open,provisional
CHIN_151,CHIN,NC_000913.3,2757510,2759670,2758590,2160,micro-c数据/标注数据.xlsx,Supplementary Table 5,152,MG1655,2757510,2759670,2758590,0-based-half-open,provisional
CHIN_152,CHIN,NC_000913.3,2757510,2761530,2759520,4020,micro-c数据/标注数据.xlsx,Supplementary Table 5,153,MG1655,2757510,2761530,2759520,0-based-half-open,provisional
CHIN_153,CHIN,NC_000913.3,2773010,2775530,2774270,2520,micro-c数据/标注数据.xlsx,Supplementary Table 5,154,MG1655,2773010,2775530,2774270,0-based-half-open,provisional
CHIN_154,CHIN,NC_000913.3,2781040,2785900,2783470,4860,micro-c数据/标注数据.xlsx,Supplementary Table 5,155,MG1655,2781040,2785900,2783470,0-based-half-open,provisional
CHIN_155,CHIN,NC_000913.3,2784290,2786430,2785360,2140,micro-c数据/标注数据.xlsx,Supplementary Table 5,156,MG1655,2784290,2786430,2785360,0-based-half-open,provisional
CHIN_156,CHIN,NC_000913.3,2784290,2789230,2786760,4940,micro-c数据/标注数据.xlsx,Supplementary Table 5,157,MG1655,2784290,2789230,2786760,0-based-half-open,provisional
CHIN_157,CHIN,NC_000913.3,2787400,2788660,2788030,1260,micro-c数据/标注数据.xlsx,Supplementary Table 5,158,MG1655,2787400,2788660,2788030,0-based-half-open,provisional
CHIN_158,CHIN,NC_000913.3,2797390,2798750,2798070,1360,micro-c数据/标注数据.xlsx,Supplementary Table 5,159,MG1655,2797390,2798750,2798070,0-based-half-open,provisional
CHIN_159,CHIN,NC_000913.3,2804290,2805810,2805050,1520,micro-c数据/标注数据.xlsx,Supplementary Table 5,160,MG1655,2804290,2805810,2805050,0-based-half-open,provisional
CHIN_160,CHIN,NC_000913.3,2882580,2884780,2883680,2200,micro-c数据/标注数据.xlsx,Supplementary Table 5,161,MG1655,2882580,2884780,2883680,0-based-half-open,provisional
CHIN_161,CHIN,NC_000913.3,2899270,2900870,2900070,1600,micro-c数据/标注数据.xlsx,Supplementary Table 5,162,MG1655,2899270,2900870,2900070,0-based-half-open,provisional
CHIN_162,CHIN,NC_000913.3,2903620,2906340,2904980,2720,micro-c数据/标注数据.xlsx,Supplementary Table 5,163,MG1655,2903620,2906340,2904980,0-based-half-open,provisional
CHIN_163,CHIN,NC_000913.3,2933470,2934890,2934180,1420,micro-c数据/标注数据.xlsx,Supplementary Table 5,164,MG1655,2933470,2934890,2934180,0-based-half-open,provisional
CHIN_164,CHIN,NC_000913.3,2986330,2988010,2987170,1680,micro-c数据/标注数据.xlsx,Supplementary Table 5,165,MG1655,2986330,2988010,2987170,0-based-half-open,provisional
CHIN_165,CHIN,NC_000913.3,2986330,2990830,2988580,4500,micro-c数据/标注数据.xlsx,Supplementary Table 5,166,MG1655,2986330,2990830,2988580,0-based-half-open,provisional
CHIN_166,CHIN,NC_000913.3,2986330,2997430,2991880,11100,micro-c数据/标注数据.xlsx,Supplementary Table 5,167,MG1655,2986330,2997430,2991880,0-based-half-open,provisional
CHIN_167,CHIN,NC_000913.3,2993620,2996420,2995020,2800,micro-c数据/标注数据.xlsx,Supplementary Table 5,168,MG1655,2993620,2996420,2995020,0-based-half-open,provisional
CHIN_168,CHIN,NC_000913.3,2995130,2999070,2997100,3940,micro-c数据/标注数据.xlsx,Supplementary Table 5,169,MG1655,2995130,2999070,2997100,0-based-half-open,provisional
CHIN_169,CHIN,NC_000913.3,3053730,3055230,3054480,1500,micro-c数据/标注数据.xlsx,Supplementary Table 5,170,MG1655,3053730,3055230,3054480,0-based-half-open,provisional
CHIN_170,CHIN,NC_000913.3,3076900,3079440,3078170,2540,micro-c数据/标注数据.xlsx,Supplementary Table 5,171,MG1655,3076900,3079440,3078170,0-based-half-open,provisional
CHIN_171,CHIN,NC_000913.3,3185610,3187830,3186720,2220,micro-c数据/标注数据.xlsx,Supplementary Table 5,172,MG1655,3185610,3187830,3186720,0-based-half-open,provisional
CHIN_172,CHIN,NC_000913.3,3187520,3189020,3188270,1500,micro-c数据/标注数据.xlsx,Supplementary Table 5,173,MG1655,3187520,3189020,3188270,0-based-half-open,provisional
CHIN_173,CHIN,NC_000913.3,3187520,3191480,3189500,3960,micro-c数据/标注数据.xlsx,Supplementary Table 5,174,MG1655,3187520,3191480,3189500,0-based-half-open,provisional
CHIN_174,CHIN,NC_000913.3,3188660,3192060,3190360,3400,micro-c数据/标注数据.xlsx,Supplementary Table 5,175,MG1655,3188660,3192060,3190360,0-based-half-open,provisional
CHIN_175,CHIN,NC_000913.3,3189930,3192250,3191090,2320,micro-c数据/标注数据.xlsx,Supplementary Table 5,176,MG1655,3189930,3192250,3191090,0-based-half-open,provisional
CHIN_176,CHIN,NC_000913.3,3190810,3192830,3191820,2020,micro-c数据/标注数据.xlsx,Supplementary Table 5,177,MG1655,3190810,3192830,3191820,0-based-half-open,provisional
CHIN_177,CHIN,NC_000913.3,3205500,3206720,3206110,1220,micro-c数据/标注数据.xlsx,Supplementary Table 5,178,MG1655,3205500,3206720,3206110,0-based-half-open,provisional
CHIN_178,CHIN,NC_000913.3,3225680,3228200,3226940,2520,micro-c数据/标注数据.xlsx,Supplementary Table 5,179,MG1655,3225680,3228200,3226940,0-based-half-open,provisional
CHIN_179,CHIN,NC_000913.3,3262150,3263750,3262950,1600,micro-c数据/标注数据.xlsx,Supplementary Table 5,180,MG1655,3262150,3263750,3262950,0-based-half-open,provisional
CHIN_180,CHIN,NC_000913.3,3264890,3266490,3265690,1600,micro-c数据/标注数据.xlsx,Supplementary Table 5,181,MG1655,3264890,3266490,3265690,0-based-half-open,provisional
CHIN_181,CHIN,NC_000913.3,3267680,3269860,3268770,2180,micro-c数据/标注数据.xlsx,Supplementary Table 5,182,MG1655,3267680,3269860,3268770,0-based-half-open,provisional
CHIN_182,CHIN,NC_000913.3,3286970,3288890,3287930,1920,micro-c数据/标注数据.xlsx,Supplementary Table 5,183,MG1655,3286970,3288890,3287930,0-based-half-open,provisional
CHIN_183,CHIN,NC_000913.3,3320530,3322310,3321420,1780,micro-c数据/标注数据.xlsx,Supplementary Table 5,184,MG1655,3320530,3322310,3321420,0-based-half-open,provisional
CHIN_184,CHIN,NC_000913.3,3329880,3331180,3330530,1300,micro-c数据/标注数据.xlsx,Supplementary Table 5,185,MG1655,3329880,3331180,3330530,0-based-half-open,provisional
CHIN_185,CHIN,NC_000913.3,3360590,3362710,3361650,2120,micro-c数据/标注数据.xlsx,Supplementary Table 5,186,MG1655,3360590,3362710,3361650,0-based-half-open,provisional
CHIN_186,CHIN,NC_000913.3,3412610,3414130,3413370,1520,micro-c数据/标注数据.xlsx,Supplementary Table 5,187,MG1655,3412610,3414130,3413370,0-based-half-open,provisional
CHIN_187,CHIN,NC_000913.3,3581640,3583480,3582560,1840,micro-c数据/标注数据.xlsx,Supplementary Table 5,188,MG1655,3581640,3583480,3582560,0-based-half-open,provisional
CHIN_188,CHIN,NC_000913.3,3582640,3585100,3583870,2460,micro-c数据/标注数据.xlsx,Supplementary Table 5,189,MG1655,3582640,3585100,3583870,0-based-half-open,provisional
CHIN_189,CHIN,NC_000913.3,3631380,3633920,3632650,2540,micro-c数据/标注数据.xlsx,Supplementary Table 5,190,MG1655,3631380,3633920,3632650,0-based-half-open,provisional
CHIN_190,CHIN,NC_000913.3,3631380,3634760,3633070,3380,micro-c数据/标注数据.xlsx,Supplementary Table 5,191,MG1655,3631380,3634760,3633070,0-based-half-open,provisional
CHIN_191,CHIN,NC_000913.3,3631380,3636320,3633850,4940,micro-c数据/标注数据.xlsx,Supplementary Table 5,192,MG1655,3631380,3636320,3633850,0-based-half-open,provisional
CHIN_192,CHIN,NC_000913.3,3634410,3635870,3635140,1460,micro-c数据/标注数据.xlsx,Supplementary Table 5,193,MG1655,3634410,3635870,3635140,0-based-half-open,provisional
CHIN_193,CHIN,NC_000913.3,3651080,3654040,3652560,2960,micro-c数据/标注数据.xlsx,Supplementary Table 5,194,MG1655,3651080,3654040,3652560,0-based-half-open,provisional
CHIN_194,CHIN,NC_000913.3,3653170,3655470,3654320,2300,micro-c数据/标注数据.xlsx,Supplementary Table 5,195,MG1655,3653170,3655470,3654320,0-based-half-open,provisional
CHIN_195,CHIN,NC_000913.3,3655000,3658720,3656860,3720,micro-c数据/标注数据.xlsx,Supplementary Table 5,196,MG1655,3655000,3658720,3656860,0-based-half-open,provisional
CHIN_196,CHIN,NC_000913.3,3656690,3658770,3657730,2080,micro-c数据/标注数据.xlsx,Supplementary Table 5,197,MG1655,3656690,3658770,3657730,0-based-half-open,provisional
CHIN_197,CHIN,NC_000913.3,3664320,3665980,3665150,1660,micro-c数据/标注数据.xlsx,Supplementary Table 5,198,MG1655,3664320,3665980,3665150,0-based-half-open,provisional
CHIN_198,CHIN,NC_000913.3,3673940,3675060,3674500,1120,micro-c数据/标注数据.xlsx,Supplementary Table 5,199,MG1655,3673940,3675060,3674500,0-based-half-open,provisional
CHIN_199,CHIN,NC_000913.3,3720060,3722320,3721190,2260,micro-c数据/标注数据.xlsx,Supplementary Table 5,200,MG1655,3720060,3722320,3721190,0-based-half-open,provisional
CHIN_200,CHIN,NC_000913.3,3730830,3733310,3732070,2480,micro-c数据/标注数据.xlsx,Supplementary Table 5,201,MG1655,3730830,3733310,3732070,0-based-half-open,provisional
CHIN_201,CHIN,NC_000913.3,3743830,3746470,3745150,2640,micro-c数据/标注数据.xlsx,Supplementary Table 5,202,MG1655,3743830,3746470,3745150,0-based-half-open,provisional
CHIN_202,CHIN,NC_000913.3,3766010,3768530,3767270,2520,micro-c数据/标注数据.xlsx,Supplementary Table 5,203,MG1655,3766010,3768530,3767270,0-based-half-open,provisional
CHIN_203,CHIN,NC_000913.3,3767450,3770090,3768770,2640,micro-c数据/标注数据.xlsx,Supplementary Table 5,204,MG1655,3767450,3770090,3768770,0-based-half-open,provisional
CHIN_204,CHIN,NC_000913.3,3788920,3790480,3789700,1560,micro-c数据/标注数据.xlsx,Supplementary Table 5,205,MG1655,3788920,3790480,3789700,0-based-half-open,provisional
CHIN_205,CHIN,NC_000913.3,3796820,3799260,3798040,2440,micro-c数据/标注数据.xlsx,Supplementary Table 5,206,MG1655,3796820,3799260,3798040,0-based-half-open,provisional
CHIN_206,CHIN,NC_000913.3,3796820,3800060,3798440,3240,micro-c数据/标注数据.xlsx,Supplementary Table 5,207,MG1655,3796820,3800060,3798440,0-based-half-open,provisional
CHIN_207,CHIN,NC_000913.3,3796820,3801260,3799040,4440,micro-c数据/标注数据.xlsx,Supplementary Table 5,208,MG1655,3796820,3801260,3799040,0-based-half-open,provisional
CHIN_208,CHIN,NC_000913.3,3796820,3802940,3799880,6120,micro-c数据/标注数据.xlsx,Supplementary Table 5,209,MG1655,3796820,3802940,3799880,0-based-half-open,provisional
CHIN_209,CHIN,NC_000913.3,3796820,3804000,3800410,7180,micro-c数据/标注数据.xlsx,Supplementary Table 5,210,MG1655,3796820,3804000,3800410,0-based-half-open,provisional
CHIN_210,CHIN,NC_000913.3,3796820,3806500,3801660,9680,micro-c数据/标注数据.xlsx,Supplementary Table 5,211,MG1655,3796820,3806500,3801660,0-based-half-open,provisional
CHIN_211,CHIN,NC_000913.3,3796820,3807720,3802270,10900,micro-c数据/标注数据.xlsx,Supplementary Table 5,212,MG1655,3796820,3807720,3802270,0-based-half-open,provisional
CHIN_212,CHIN,NC_000913.3,3796820,3808240,3802530,11420,micro-c数据/标注数据.xlsx,Supplementary Table 5,213,MG1655,3796820,3808240,3802530,0-based-half-open,provisional
CHIN_213,CHIN,NC_000913.3,3798700,3807820,3803260,9120,micro-c数据/标注数据.xlsx,Supplementary Table 5,214,MG1655,3798700,3807820,3803260,0-based-half-open,provisional
CHIN_214,CHIN,NC_000913.3,3803270,3807830,3805550,4560,micro-c数据/标注数据.xlsx,Supplementary Table 5,215,MG1655,3803270,3807830,3805550,0-based-half-open,provisional
CHIN_215,CHIN,NC_000913.3,3803910,3808030,3805970,4120,micro-c数据/标注数据.xlsx,Supplementary Table 5,216,MG1655,3803910,3808030,3805970,0-based-half-open,provisional
CHIN_216,CHIN,NC_000913.3,3836700,3838100,3837400,1400,micro-c数据/标注数据.xlsx,Supplementary Table 5,217,MG1655,3836700,3838100,3837400,0-based-half-open,provisional
CHIN_217,CHIN,NC_000913.3,3842940,3844140,3843540,1200,micro-c数据/标注数据.xlsx,Supplementary Table 5,218,MG1655,3842940,3844140,3843540,0-based-half-open,provisional
CHIN_218,CHIN,NC_000913.3,3874630,3876290,3875460,1660,micro-c数据/标注数据.xlsx,Supplementary Table 5,219,MG1655,3874630,3876290,3875460,0-based-half-open,provisional
CHIN_219,CHIN,NC_000913.3,3900640,3902720,3901680,2080,micro-c数据/标注数据.xlsx,Supplementary Table 5,220,MG1655,3900640,3902720,3901680,0-based-half-open,provisional
CHIN_220,CHIN,NC_000913.3,3905540,3906960,3906250,1420,micro-c数据/标注数据.xlsx,Supplementary Table 5,221,MG1655,3905540,3906960,3906250,0-based-half-open,provisional
CHIN_221,CHIN,NC_000913.3,4061600,4065400,4063500,3800,micro-c数据/标注数据.xlsx,Supplementary Table 5,222,MG1655,4061600,4065400,4063500,0-based-half-open,provisional
CHIN_222,CHIN,NC_000913.3,4063250,4065170,4064210,1920,micro-c数据/标注数据.xlsx,Supplementary Table 5,223,MG1655,4063250,4065170,4064210,0-based-half-open,provisional
CHIN_223,CHIN,NC_000913.3,4063900,4065500,4064700,1600,micro-c数据/标注数据.xlsx,Supplementary Table 5,224,MG1655,4063900,4065500,4064700,0-based-half-open,provisional
CHIN_224,CHIN,NC_000913.3,4214840,4216080,4215460,1240,micro-c数据/标注数据.xlsx,Supplementary Table 5,225,MG1655,4214840,4216080,4215460,0-based-half-open,provisional
CHIN_225,CHIN,NC_000913.3,4220330,4222730,4221530,2400,micro-c数据/标注数据.xlsx,Supplementary Table 5,226,MG1655,4220330,4222730,4221530,0-based-half-open,provisional
CHIN_226,CHIN,NC_000913.3,4250240,4252640,4251440,2400,micro-c数据/标注数据.xlsx,Supplementary Table 5,227,MG1655,4250240,4252640,4251440,0-based-half-open,provisional
CHIN_227,CHIN,NC_000913.3,4259950,4261730,4260840,1780,micro-c数据/标注数据.xlsx,Supplementary Table 5,228,MG1655,4259950,4261730,4260840,0-based-half-open,provisional
CHIN_228,CHIN,NC_000913.3,4268140,4269400,4268770,1260,micro-c数据/标注数据.xlsx,Supplementary Table 5,229,MG1655,4268140,4269400,4268770,0-based-half-open,provisional
CHIN_229,CHIN,NC_000913.3,4281710,4283310,4282510,1600,micro-c数据/标注数据.xlsx,Supplementary Table 5,230,MG1655,4281710,4283310,4282510,0-based-half-open,provisional
CHIN_230,CHIN,NC_000913.3,4310500,4312380,4311440,1880,micro-c数据/标注数据.xlsx,Supplementary Table 5,231,MG1655,4310500,4312380,4311440,0-based-half-open,provisional
CHIN_231,CHIN,NC_000913.3,4336710,4338650,4337680,1940,micro-c数据/标注数据.xlsx,Supplementary Table 5,232,MG1655,4336710,4338650,4337680,0-based-half-open,provisional
CHIN_232,CHIN,NC_000913.3,4359540,4361040,4360290,1500,micro-c数据/标注数据.xlsx,Supplementary Table 5,233,MG1655,4359540,4361040,4360290,0-based-half-open,provisional
CHIN_233,CHIN,NC_000913.3,4383690,4384710,4384200,1020,micro-c数据/标注数据.xlsx,Supplementary Table 5,234,MG1655,4383690,4384710,4384200,0-based-half-open,provisional
CHIN_234,CHIN,NC_000913.3,4409780,4412680,4411230,2900,micro-c数据/标注数据.xlsx,Supplementary Table 5,235,MG1655,4409780,4412680,4411230,0-based-half-open,provisional
CHIN_235,CHIN,NC_000913.3,4426690,4427830,4427260,1140,micro-c数据/标注数据.xlsx,Supplementary Table 5,236,MG1655,4426690,4427830,4427260,0-based-half-open,provisional
CHIN_236,CHIN,NC_000913.3,4475240,4477300,4476270,2060,micro-c数据/标注数据.xlsx,Supplementary Table 5,237,MG1655,4475240,4477300,4476270,0-based-half-open,provisional
CHIN_237,CHIN,NC_000913.3,4479470,4480810,4480140,1340,micro-c数据/标注数据.xlsx,Supplementary Table 5,238,MG1655,4479470,4480810,4480140,0-based-half-open,provisional
CHIN_238,CHIN,NC_000913.3,4495410,4497470,4496440,2060,micro-c数据/标注数据.xlsx,Supplementary Table 5,239,MG1655,4495410,4497470,4496440,0-based-half-open,provisional
CHIN_239,CHIN,NC_000913.3,4503670,4504910,4504290,1240,micro-c数据/标注数据.xlsx,Supplementary Table 5,240,MG1655,4503670,4504910,4504290,0-based-half-open,provisional
CHIN_240,CHIN,NC_000913.3,4503670,4505470,4504570,1800,micro-c数据/标注数据.xlsx,Supplementary Table 5,241,MG1655,4503670,4505470,4504570,0-based-half-open,provisional
CHIN_241,CHIN,NC_000913.3,4524820,4526100,4525460,1280,micro-c数据/标注数据.xlsx,Supplementary Table 5,242,MG1655,4524820,4526100,4525460,0-based-half-open,provisional
CHIN_242,CHIN,NC_000913.3,4537470,4539730,4538600,2260,micro-c数据/标注数据.xlsx,Supplementary Table 5,243,MG1655,4537470,4539730,4538600,0-based-half-open,provisional
CHIN_243,CHIN,NC_000913.3,4537470,4542770,4540120,5300,micro-c数据/标注数据.xlsx,Supplementary Table 5,244,MG1655,4537470,4542770,4540120,0-based-half-open,provisional
CHIN_244,CHIN,NC_000913.3,4540460,4542540,4541500,2080,micro-c数据/标注数据.xlsx,Supplementary Table 5,245,MG1655,4540460,4542540,4541500,0-based-half-open,provisional
CHIN_245,CHIN,NC_000913.3,4544360,4546580,4545470,2220,micro-c数据/标注数据.xlsx,Supplementary Table 5,246,MG1655,4544360,4546580,4545470,0-based-half-open,provisional
CHIN_246,CHIN,NC_000913.3,4555270,4556750,4556010,1480,micro-c数据/标注数据.xlsx,Supplementary Table 5,247,MG1655,4555270,4556750,4556010,0-based-half-open,provisional
CHIN_247,CHIN,NC_000913.3,4576950,4579290,4578120,2340,micro-c数据/标注数据.xlsx,Supplementary Table 5,248,MG1655,4576950,4579290,4578120,0-based-half-open,provisional
CHIN_248,CHIN,NC_000913.3,4594330,4596410,4595370,2080,micro-c数据/标注数据.xlsx,Supplementary Table 5,249,MG1655,4594330,4596410,4595370,0-based-half-open,provisional
CHIN_249,CHIN,NC_000913.3,4602820,4604820,4603820,2000,micro-c数据/标注数据.xlsx,Supplementary Table 5,250,MG1655,4602820,4604820,4603820,0-based-half-open,provisional
CHIN_250,CHIN,NC_000913.3,4616400,4617480,4616940,1080,micro-c数据/标注数据.xlsx,Supplementary Table 5,251,MG1655,4616400,4617480,4616940,0-based-half-open,provisional
CHID_1,CHID,NC_000913.3,149900,157060,153480.0,7160,micro-c数据/标注数据.xlsx,Supplementary Table 6,2,MG1655,149900,157060,,0-based-half-open,provisional
CHID_2,CHID,NC_000913.3,310750,320090,315420.0,9340,micro-c数据/标注数据.xlsx,Supplementary Table 6,3,MG1655,310750,320090,,0-based-half-open,provisional
CHID_3,CHID,NC_000913.3,558100,572380,565240.0,14280,micro-c数据/标注数据.xlsx,Supplementary Table 6,4,MG1655,558100,572380,,0-based-half-open,provisional
CHID_4,CHID,NC_000913.3,574340,585760,580050.0,11420,micro-c数据/标注数据.xlsx,Supplementary Table 6,5,MG1655,574340,585760,,0-based-half-open,provisional
CHID_5,CHID,NC_000913.3,872940,876560,874750.0,3620,micro-c数据/标注数据.xlsx,Supplementary Table 6,6,MG1655,872940,876560,,0-based-half-open,provisional
CHID_6,CHID,NC_000913.3,1085960,1104240,1095100.0,18280,micro-c数据/标注数据.xlsx,Supplementary Table 6,7,MG1655,1085960,1104240,,0-based-half-open,provisional
CHID_7,CHID,NC_000913.3,1207850,1221040,1214445.0,13190,micro-c数据/标注数据.xlsx,Supplementary Table 6,8,MG1655,1207850,1221040,,0-based-half-open,provisional
CHID_8,CHID,NC_000913.3,1543310,1546830,1545070.0,3520,micro-c数据/标注数据.xlsx,Supplementary Table 6,9,MG1655,1543310,1546830,,0-based-half-open,provisional
CHID_9,CHID,NC_000913.3,1586640,1590260,1588450.0,3620,micro-c数据/标注数据.xlsx,Supplementary Table 6,10,MG1655,1586640,1590260,,0-based-half-open,provisional
CHID_10,CHID,NC_000913.3,1770410,1779620,1775015.0,9210,micro-c数据/标注数据.xlsx,Supplementary Table 6,11,MG1655,1770410,1779620,,0-based-half-open,provisional
CHID_11,CHID,NC_000913.3,2101300,2110960,2106130.0,9660,micro-c数据/标注数据.xlsx,Supplementary Table 6,12,MG1655,2101300,2110960,,0-based-half-open,provisional
CHID_12,CHID,NC_000913.3,2187180,2192430,2189805.0,5250,micro-c数据/标注数据.xlsx,Supplementary Table 6,13,MG1655,2187180,2192430,,0-based-half-open,provisional
CHID_13,CHID,NC_000913.3,2382590,2389020,2385805.0,6430,micro-c数据/标注数据.xlsx,Supplementary Table 6,14,MG1655,2382590,2389020,,0-based-half-open,provisional
CHID_14,CHID,NC_000913.3,2480590,2492350,2486470.0,11760,micro-c数据/标注数据.xlsx,Supplementary Table 6,15,MG1655,2480590,2492350,,0-based-half-open,provisional
CHID_15,CHID,NC_000913.3,2757490,2761220,2759355.0,3730,micro-c数据/标注数据.xlsx,Supplementary Table 6,16,MG1655,2757490,2761220,,0-based-half-open,provisional
CHID_16,CHID,NC_000913.3,2780610,2788810,2784710.0,8200,micro-c数据/标注数据.xlsx,Supplementary Table 6,17,MG1655,2780610,2788810,,0-based-half-open,provisional
CHID_17,CHID,NC_000913.3,2986150,2998700,2992425.0,12550,micro-c数据/标注数据.xlsx,Supplementary Table 6,18,MG1655,2986150,2998700,,0-based-half-open,provisional
CHID_18,CHID,NC_000913.3,3183500,3193050,3188275.0,9550,micro-c数据/标注数据.xlsx,Supplementary Table 6,19,MG1655,3183500,3193050,,0-based-half-open,provisional
CHID_19,CHID,NC_000913.3,3631260,3635950,3633605.0,4690,micro-c数据/标注数据.xlsx,Supplementary Table 6,20,MG1655,3631260,3635950,,0-based-half-open,provisional
CHID_20,CHID,NC_000913.3,3650910,3658770,3654840.0,7860,micro-c数据/标注数据.xlsx,Supplementary Table 6,21,MG1655,3650910,3658770,,0-based-half-open,provisional
CHID_21,CHID,NC_000913.3,3765970,3769680,3767825.0,3710,micro-c数据/标注数据.xlsx,Supplementary Table 6,22,MG1655,3765970,3769680,,0-based-half-open,provisional
CHID_22,CHID,NC_000913.3,3797060,3808210,3802635.0,11150,micro-c数据/标注数据.xlsx,Supplementary Table 6,23,MG1655,3797060,3808210,,0-based-half-open,provisional
CHID_23,CHID,NC_000913.3,4061010,4065490,4063250.0,4480,micro-c数据/标注数据.xlsx,Supplementary Table 6,24,MG1655,4061010,4065490,,0-based-half-open,provisional
CHID_24,CHID,NC_000913.3,4503590,4507480,4505535.0,3890,micro-c数据/标注数据.xlsx,Supplementary Table 6,25,MG1655,4503590,4507480,,0-based-half-open,provisional
CHID_25,CHID,NC_000913.3,4533730,4546660,4540195.0,12930,micro-c数据/标注数据.xlsx,Supplementary Table 6,26,MG1655,4533730,4546660,,0-based-half-open,provisional
CHID_26,CHID,NC_000913.3,4576950,4581280,4579115.0,4330,micro-c数据/标注数据.xlsx,Supplementary Table 6,27,MG1655,4576950,4581280,,0-based-half-open,provisional
