model,runs,validation_macro_f1,test_macro_f1_mean,test_macro_f1_std,test_accuracy_mean
B0,1,0.27586206896551724,0.2826086956521739,0.0,0.7358490566037735
B1,1,0.4461309523809524,0.4618055555555555,0.0,0.5660377358490566
B2,1,0.508935508935509,0.4236186348862405,0.0,0.6226415094339622
M1,3,0.516676033069895,0.34037050238435845,0.04131758729838066,0.5157232704402516
M2,3,0.6297526629562104,0.5014467031133697,0.09916462246325822,0.6666666666666666
A1,3,0.5869449017336342,0.3706417039750373,0.022284020812798302,0.5345911949685535
A3,3,0.6168632342008099,0.43347244879442454,0.0768157100715988,0.5220125786163522
A4,3,0.5671400724032303,0.4238476800238573,0.11083322651936055,0.6792452830188679
A5,3,0.5546914706334997,0.33173744332576677,0.0268946109467865,0.4842767295597484
