model,replicate,distance_min_bp,distance_max_bp,windows,psnr,residual_correlation
bilinear,1,400,1600,53,13.213779275344438,0.1745847122228194
bilinear,1,1600,6400,53,36.14049703461126,0.7168857993584027
bilinear,1,6400,25600,53,46.81298793488002,0.7043761932421038
bilinear,2,400,1600,53,13.783670007976319,0.35557873355623143
bilinear,2,1600,6400,53,36.12593531845679,0.7213286811948848
bilinear,2,6400,25600,53,46.45072225415602,0.6954856220857191
bicubic,1,400,1600,53,14.079189241139934,0.24343141776761065
bicubic,1,1600,6400,53,36.88204015784003,0.774898509169942
bicubic,1,6400,25600,53,46.93025719866502,0.709840481884566
bicubic,2,400,1600,53,14.64231143788922,0.402847832426558
bicubic,2,1600,6400,53,36.7639011246686,0.7686868190144059
bicubic,2,6400,25600,53,46.55297722744986,0.7006439729124428
residual_cnn_42,1,400,1600,53,25.492631023944714,0.8033725233208765
residual_cnn_42,1,1600,6400,53,37.834123164363,0.7967783016170257
residual_cnn_42,1,6400,25600,53,46.459702121172676,0.670700933529012
residual_cnn_42,2,400,1600,53,25.324849112222857,0.8205654715432859
residual_cnn_42,2,1600,6400,53,37.552156899608015,0.7880198378626303
residual_cnn_42,2,6400,25600,53,46.11933720015072,0.662800552002265
residual_cnn_43,1,400,1600,53,25.181210748671884,0.7830884996001796
residual_cnn_43,1,1600,6400,53,37.78896544885706,0.7963764956276188
residual_cnn_43,1,6400,25600,53,46.323421339489315,0.6733925682660116
residual_cnn_43,2,400,1600,53,25.108022207790892,0.8073855963044725
residual_cnn_43,2,1600,6400,53,37.50603932648926,0.7879176495478918
residual_cnn_43,2,6400,25600,53,45.98842914260485,0.6651883619684049
residual_cnn_44,1,400,1600,53,25.13635189369908,0.7830164743049222
residual_cnn_44,1,1600,6400,53,37.6189352101757,0.789365215427283
residual_cnn_44,1,6400,25600,53,46.23741104618004,0.6550368222693478
residual_cnn_44,2,400,1600,53,25.05479067112585,0.8055009403790775
residual_cnn_44,2,1600,6400,53,37.35983287685902,0.7807608679536416
residual_cnn_44,2,6400,25600,53,45.915983123438224,0.64780219565368
plain_cnn_42,1,400,1600,53,25.513390973884455,0.8052279298368034
plain_cnn_42,1,1600,6400,53,37.660876210698014,0.789655205653265
plain_cnn_42,1,6400,25600,53,45.962991217447076,0.6339979773775647
plain_cnn_42,2,400,1600,53,25.298954838147683,0.822833510719742
plain_cnn_42,2,1600,6400,53,37.31874425960331,0.7788530012879519
plain_cnn_42,2,6400,25600,53,45.65429134642949,0.6267308065439702
plain_cnn_43,1,400,1600,53,24.723623875988146,0.7598450916430779
plain_cnn_43,1,1600,6400,53,37.23942769541647,0.7670650523746703
plain_cnn_43,1,6400,25600,53,44.73258843014826,0.5504732472293911
plain_cnn_43,2,400,1600,53,24.58406625965476,0.7851497219144441
plain_cnn_43,2,1600,6400,53,36.91572872633774,0.7544113620133857
plain_cnn_43,2,6400,25600,53,44.49661282759074,0.5444651889484221
plain_cnn_44,1,400,1600,53,24.412495545613247,0.7458670430443511
plain_cnn_44,1,1600,6400,53,37.22806715295218,0.7725994591681724
plain_cnn_44,1,6400,25600,53,45.40624293618218,0.6096186804037158
plain_cnn_44,2,400,1600,53,24.332216672687977,0.7710089398560669
plain_cnn_44,2,1600,6400,53,36.967214722602144,0.7626499791031527
plain_cnn_44,2,6400,25600,53,45.12695530802589,0.6033656014474706
distance_only_diagnostic,1,400,1600,53,20.166348088455198,
distance_only_diagnostic,1,1600,6400,53,31.696487484918457,
distance_only_diagnostic,1,6400,25600,53,42.75801325692427,
distance_only_diagnostic,2,400,1600,53,19.640602499590475,
distance_only_diagnostic,2,1600,6400,53,31.79320708282162,
distance_only_diagnostic,2,6400,25600,53,42.610473711775,
