model,replicate,type,n,psnr,ssim,shape_correlation,profile_correlation,boundary_shift_bp
bilinear,1,all,53,23.382335160501068,0.9245539183886546,0.7765867197746781,0.9210191734101436,196.22641509433961
bilinear,1,OPCID,10,23.361648687193547,0.9266013383865357,0.7929140081342612,0.9600598758861189,120.0
bilinear,1,CHIN,39,23.381742036281732,0.9237219813542489,0.7731716553112159,0.9149297605848467,210.25641025641025
bilinear,1,CHID,4,23.439834304908338,0.9275467544794083,0.7690653773944787,0.8827891922668505,250.0
bilinear,2,all,53,23.93374298973237,0.925029308166144,0.7818240766803576,0.9371554600721718,152.83018867924528
bilinear,2,OPCID,10,23.943483554028575,0.9270906686782837,0.8014637862146952,0.9667704882629611,80.0
bilinear,2,CHIN,39,23.923894324724927,0.9241146475840838,0.7776409481734178,0.9315997420185141,158.97435897435898
bilinear,2,CHID,4,24.005416062814486,0.9287938475608826,0.7735103057871773,0.917286140618355,275.0
bicubic,1,all,53,24.237545284375432,0.9341038904100094,0.8204166146269009,0.9517813814096799,177.35849056603774
bicubic,1,OPCID,10,24.2305988248247,0.9352859377861023,0.8343722056798418,0.9723157083097063,150.0
bicubic,1,CHIN,39,24.232140648867965,0.9334496458371481,0.8173806171655645,0.9481097543413131,171.7948717948718
bicubic,1,CHID,4,24.30760662945005,0.9375276565551758,0.8151286122425778,0.936243928076192,300.0
bicubic,2,all,53,24.77949435253102,0.9336074343267476,0.8239059488573575,0.9635918407042666,137.73584905660377
bicubic,2,OPCID,10,24.80816585022658,0.9349916934967041,0.8406610119546315,0.9777976614668813,110.0
bicubic,2,CHIN,39,24.76342702687393,0.9328353343865811,0.8202147906256826,0.9604958138939318,135.89743589743588
bicubic,2,CHID,4,24.86447203344872,0.9376747608184814,0.8180070838730007,0.9582635501984913,225.0
residual_cnn_42,1,all,53,34.52820148878976,0.9559123043744069,0.9833907913559368,0.9758819655485892,207.54716981132074
residual_cnn_42,1,OPCID,10,35.43902076805345,0.9588164269924164,0.9883291887503886,0.9882026854133603,170.0
residual_cnn_42,1,CHIN,39,34.28381556232299,0.9547141545858139,0.9821916994913539,0.9723521588096633,192.30769230769232
residual_cnn_42,1,CHID,4,34.63391607368156,0.9603339582681656,0.9827359435494919,0.9794957815911901,450.0
residual_cnn_42,2,all,53,34.33785396487891,0.9525021472067203,0.9809540738999706,0.9790436249537959,198.11320754716982
residual_cnn_42,2,OPCID,10,35.05535715378099,0.955227530002594,0.9862377470859538,0.9896351346146985,160.0
residual_cnn_42,2,CHIN,39,34.13320428135049,0.9513025910426409,0.9796768609903221,0.9759560539520619,182.05128205128204
residual_cnn_42,2,CHID,4,34.53943040702574,0.9573843628168106,0.9801977168040864,0.9826686680684462,450.0
residual_cnn_43,1,all,53,34.261008749675824,0.9534345685311083,0.9823706825174817,0.9715175652769822,226.41509433962264
residual_cnn_43,1,OPCID,10,35.19815165419383,0.9565701067447663,0.9876488660082311,0.9879593453586637,170.0
residual_cnn_43,1,CHIN,39,34.001302343073725,0.9521816006073585,0.9810435595278938,0.9663679489990274,205.12820512820514
residual_cnn_43,1,CHID,4,34.45028895275122,0.9578121602535248,0.9821146729390915,0.9806218737828326,575.0
residual_cnn_43,2,all,53,34.14944450996978,0.9500369800711578,0.9799991985513937,0.9757311527808801,188.67924528301887
residual_cnn_43,2,OPCID,10,34.87384229147372,0.9530378580093384,0.985487426945042,0.9894577393734357,140.0
residual_cnn_43,2,CHIN,39,33.934407810121456,0.948770576562637,0.9786210789340876,0.9714193643450537,164.10256410256412
residual_cnn_43,2,CHID,4,34.43505787973116,0.9548822194337845,0.9797152938360082,0.9834546235487978,550.0
residual_cnn_44,1,all,53,34.20796628845219,0.9537378504591169,0.9822363946261499,0.9713368233267078,247.16981132075472
residual_cnn_44,1,OPCID,10,35.102885650967146,0.9570466876029968,0.9873132884372131,0.9846385738718592,170.0
residual_cnn_44,1,CHIN,39,33.97022125481873,0.9524593735352541,0.980998222054347,0.9673991374749337,246.15384615384616
residual_cnn_44,1,CHID,4,34.28868196009106,0.9579309076070786,0.9816163426735721,0.9764748840186264,450.0
residual_cnn_44,2,all,53,34.09100436884572,0.9505080895603828,0.9798449529130769,0.9753297461584449,198.11320754716982
residual_cnn_44,2,OPCID,10,34.79145088414177,0.9536248981952667,0.9852140507828597,0.9866220268638386,150.0
residual_cnn_44,2,CHIN,39,33.89034455649336,0.949228048324585,0.9785292876399004,0.9719166746555314,184.6153846153846
residual_cnn_44,2,CHID,4,34.296321251041064,0.9551964700222015,0.9792499446520913,0.9803764915483683,450.0
plain_cnn_42,1,all,53,34.45087055227235,0.9526272123714663,0.9828391808010811,0.9659491548531832,226.41509433962264
plain_cnn_42,1,OPCID,10,35.40036715997353,0.9567528545856476,0.9879898229399728,0.987040034454475,220.0
plain_cnn_42,1,CHIN,39,34.18592450204637,0.9511412917039334,0.9815577706543113,0.9593694759933842,194.87179487179486
plain_cnn_42,1,CHID,4,34.660353022722504,0.9568008333444595,0.9824563243848576,0.9773738247329916,550.0
plain_cnn_42,2,all,53,34.22406985390254,0.9488572691971401,0.9801492766995495,0.9702399768342672,175.47169811320754
plain_cnn_42,2,OPCID,10,34.97400399668707,0.9525654554367066,0.9856636197213321,0.9883900048865584,150.0
plain_cnn_42,2,CHIN,39,34.00537883476061,0.9474040988164071,0.9788012611512784,0.9644556891531969,161.53846153846155
plain_cnn_42,2,CHID,4,34.481471933575065,0.9537552148103714,0.9795065707407367,0.9812617115939742,375.0
plain_cnn_43,1,all,53,33.749012177281074,0.9411248699674066,0.9801866790283453,0.9614982082448608,220.75471698113208
plain_cnn_43,1,OPCID,10,34.59655125891718,0.9483013987541199,0.9856802703392381,0.9826167716157919,170.0
plain_cnn_43,1,CHIN,39,33.52857451617452,0.939236961878263,0.9788707353180554,0.9565875308337027,217.94871794871796
plain_cnn_43,1,CHID,4,33.77943166897971,0.9415906518697739,0.9792831519264427,0.9565809045763244,375.0
plain_cnn_43,2,all,53,33.587653300493606,0.9379628131974418,0.9773044754576384,0.9674072133160492,201.88679245283018
plain_cnn_43,2,OPCID,10,34.23994099917563,0.9449522852897644,0.9830934449187693,0.9843746249657821,150.0
plain_cnn_43,2,CHIN,39,33.40817240471769,0.9360510691618308,0.975920732607261,0.9632233142867307,200.0
plain_cnn_43,2,CHID,4,33.70687278760367,0.9391286373138428,0.9763235445959892,0.9657816997275711,350.0
plain_cnn_44,1,all,53,33.52522077467667,0.9470606648697043,0.9794075550219191,0.9661549589827567,258.49056603773585
plain_cnn_44,1,OPCID,10,34.28777034995156,0.9527138292789459,0.9848100003759273,0.9832977810636511,160.0
plain_cnn_44,1,CHIN,39,33.3204736626163,0.9452309746008652,0.9780828245829962,0.9616431269736899,253.84615384615384
plain_cnn_44,1,CHID,4,33.61513117907791,0.9507672339677811,0.9788175634163946,0.9672882658689247,550.0
plain_cnn_44,2,all,53,33.412878870578325,0.944046418621855,0.9765965507901977,0.9692718937502794,241.50943396226415
plain_cnn_44,2,OPCID,10,34.01632448506999,0.9492988348007202,0.982453350875188,0.985066337043078,140.0
plain_cnn_44,2,CHIN,39,33.2419970099111,0.9422708474672757,0.9751704416607584,0.9652679561747076,238.46153846153845
plain_cnn_44,2,CHID,4,33.57036297585442,0.948227196931839,0.9758591145897519,0.9688241768801074,525.0
