window_index,window_id,start_bp,window_length_bp,wraps_origin,known_ids,split,correlation,matched_controls,cutoff,replicate_supported,coordinate_status
2433,w64_c38928,3889600,6400,False,,2,0.9735756023381581,20,0.962113445512552,True,provisional
5691,w256_c44624,4449600,25600,False,,0,0.9313719435706558,20,0.7986270306940794,True,provisional
1712,w64_c27392,2736000,6400,False,,0,0.9090301029227498,20,0.8565113375576621,True,provisional
2066,w64_c33056,3302400,6400,False,,1,0.8896403681078536,20,0.7836666374808405,True,provisional
786,w64_c12576,1254400,6400,False,,1,0.8755639579618824,20,0.8534968750014269,True,provisional
2319,w64_c37104,3707200,6400,False,,2,0.8685587869982938,20,0.8155234541816662,True,provisional
875,w64_c14000,1396800,6400,False,,-1,0.8587924342174759,20,0.8164410307738135,True,provisional
1279,w64_c20464,2043200,6400,False,,0,0.8426056002106752,20,0.5956314675521669,True,provisional
2761,w64_c44176,4414400,6400,False,,0,0.8406230466388508,20,0.8399592697631916,True,provisional
4087,w256_c18960,1883200,25600,False,,2,0.8094710261672555,20,0.6594559218514937,True,provisional
2410,w64_c38560,3852800,6400,False,,2,0.7736312783212724,20,0.7697339181905146,True,provisional
2690,w64_c43040,4300800,6400,False,,0,0.7625974852773058,20,0.5,True,provisional
1225,w64_c19600,1956800,6400,False,,2,0.7324369845157889,20,0.5062239132602725,True,provisional
1765,w64_c28240,2820800,6400,False,,0,0.7253031357321001,20,0.6395286079072615,True,provisional
643,w64_c10288,1025600,6400,False,,0,0.7052671409853961,20,0.6129408203245805,True,provisional
1345,w64_c21520,2148800,6400,False,,0,0.6926895702504688,20,0.5425534225480596,True,provisional
930,w64_c14880,1484800,6400,False,,1,0.650218718363376,20,0.5,True,provisional
5088,w256_c34976,3484800,25600,False,,1,0.6278794821037557,20,0.5639771888282755,True,provisional
251,w64_c4016,398400,6400,False,,-1,0.6049239263354231,20,0.5328700219760663,True,provisional
226,w64_c3616,358400,6400,False,,0,0.5923200219772278,20,0.5898079992838529,True,provisional
1668,w64_c26688,2665600,6400,False,,0,0.5874374453528158,20,0.5157625553180397,True,provisional
